old,weird,new,lng,lat
S1,1,0,-73.99107,40.730054
S2,2,1,-74.000193,40.718803
S3,3,2,-73.983849,40.761728
S4,4,3,-73.97499915,40.68086214
S5,5,4,-73.89488591,40.66471445
S6,6,5,-73.90087,40.884667
S7,7,6,-73.95806671,40.80058156
S8,8,7,-73.940859,40.679919
S9,9,8,-73.89878838,40.74971953
S10,10,9,-73.92901818,40.75196004
S11,11,10,-73.9874094,40.71830606
S12,12,11,-73.89165773,40.67802821
S13,13,12,-73.879626,40.68152
S14,14,13,-73.844435,40.695166
S15,15,14,-73.98177094,40.69064812
S16,16,15,-73.82758075,40.58326844
S17,17,16,-73.8136514,40.58809156
S18,18,17,-73.89175225,40.82998745
S19,19,18,-73.89661738,40.82214213
S20,20,19,-73.900741,40.856093
S21,21,20,-73.910136,40.8459
S22,22,21,-73.918432,40.833769
S23,23,22,-73.845625,40.754622
S24,24,23,-73.869527,40.749145
S25,25,24,-73.83003,40.7596
S26,26,25,-73.832569,40.84681
S27,27,26,-73.926138,40.810476
S28,28,27,-73.851222,40.834255
S29,29,28,-74.004131,40.713065
S30,30,29,-73.847036,40.836488
S31,31,30,-73.9767133,40.75180743
S32,32,31,-73.982076,40.746081
S33,33,32,-73.95107,40.785672
S34,34,33,-73.959874,40.77362
S35,35,34,-73.91038357,40.6828513
S36,36,35,-73.98311,40.67731567
S37,37,36,-73.88203475,40.74237008
S38,38,37,-73.920786,40.678822
S39,39,38,-73.86748068,40.85719241
S40,40,39,-73.86613411,40.87783939
S41,41,40,-73.85431531,40.89828652
S42,42,41,-73.95809974,40.67076515
S43,43,42,-73.8930664,40.82397684
S44,44,43,-73.86835609,40.84876867
S45,45,44,-73.95007935,40.65665931
S46,46,45,-73.88940492,40.66551796
S47,47,46,-73.92738475,40.81830344
S48,48,47,-73.925692,40.82823033
S49,49,48,-73.967967,40.762526
S50,50,49,-73.904098,40.812118
S51,51,50,-73.874516,40.829521
S52,52,51,-73.886283,40.826525
S53,53,52,-73.867618,40.831509
S54,54,53,-73.902984,40.74563
S55,55,54,-73.755405,40.603995
S56,56,55,-73.97633658,40.7755194
S57,57,56,-73.96460246,40.7916188
S58,58,57,-73.939561,40.840719
S59,59,58,-73.893509,40.866978
S60,60,59,-73.984591,40.754184
S61,61,60,-73.9620313,40.66163346
S62,62,61,-73.99534883,40.63147876
S63,63,62,-73.81701287,40.70289855
S64,64,63,-73.83037027,40.71403482
S65,65,64,-73.80800472,40.70038242
S66,66,65,-73.9460547,40.74776812
S67,67,66,-73.85286048,40.72650548
S68,68,67,-73.87722086,40.73681342
S69,69,68,-73.978172,40.63611867
S70,70,69,-73.95999,40.688889
S71,71,70,-73.95031226,40.70612658
S72,72,71,-73.950248,40.714072
S73,73,72,-73.901916,40.669145
S74,74,73,-73.9039586,40.68886654
S75,75,74,-73.91663888,40.68641527
S76,76,75,-73.947355,40.703844
S77,77,76,-74.011516,40.634971
S78,78,77,-73.929862,40.756442
S79,79,78,-73.925823,40.761432
S80,80,79,-73.986768,40.754612
S81,81,80,-73.979189,40.75276867
S82,82,81,-73.957624,40.67477167
S83,83,82,-73.832163,40.684331
S84,84,83,-74.00030815,40.73225449
S85,85,84,-73.97192,40.757107
S86,86,85,-73.976218,40.788644
S87,87,86,-73.8573624,40.89314324
S88,88,87,-73.982209,40.77344
S89,89,88,-73.890549,40.820948
S90,90,89,-74.006277,40.722854
S91,91,90,-73.836322,40.843863
S92,92,91,-73.986599,40.739864
S93,93,92,-73.945264,40.747023
S94,94,93,-73.981929,40.768247
S95,95,94,-73.948916,40.742216
S96,96,95,-73.995657,40.744081
S97,97,96,-74.005367,40.728251
S98,98,97,-73.837683,40.681711
S99,99,98,-73.81583269,40.60840218
S100,100,99,-73.968501,40.57631167
S101,101,100,-73.953581,40.742626
S102,102,101,-73.96387,40.768141
S103,103,102,-73.94016354,40.75063565
S104,104,103,-73.843853,40.680429
S105,105,104,-73.989951,40.734673
S106,106,105,-73.953522,40.689627
S107,107,106,-73.97973581,40.66003569
S108,108,107,-73.98025118,40.66624469
S109,109,108,-73.975776,40.65078167
S110,110,109,-73.97972116,40.644272
S111,111,110,-73.9643578,40.6439046
S112,112,111,-73.96288246,40.65049325
S113,113,112,-73.96269487,40.63514194
S114,114,113,-73.96145344,40.65507304
S115,115,114,-73.97095633,40.6752947
S116,116,115,-73.97754994,40.68442017
S117,117,116,-73.911946,40.67834
S118,118,117,-73.975375,40.687119
S119,119,118,-73.966796,40.688094
S120,120,119,-73.97285279,40.67710218
S121,121,120,-73.97678344,40.68448832
S122,122,121,-73.97881,40.68366567
S123,123,122,-73.990151,40.692404
S124,124,123,-73.835919,40.672097
S125,125,124,-73.860495,40.854364
S126,126,125,-73.855359,40.858985
S127,127,126,-73.950426,40.680438
S128,128,127,-73.9804068,40.68831058
S129,129,128,-73.96422204,40.67203224
S130,130,129,-73.94884798,40.64512352
S131,131,130,-73.94945514,40.65086069
S132,132,131,-73.94829991,40.63999124
S133,133,132,-73.94754121,40.63284241
S134,134,133,-73.95072891,40.66277299
S135,135,134,-73.93293256,40.66897831
S136,136,135,-73.94215978,40.66948145
S137,137,136,-73.951183,40.72448
S138,138,137,-73.954425,40.731267
S139,139,138,-73.957832,40.708383
S140,140,139,-73.953488,40.70689
S141,141,140,-73.929849,40.813224
S142,142,141,-73.97524851,40.76008683
S143,143,142,-73.96907237,40.75746831
S144,144,143,-73.988698,40.745454
S145,145,144,-73.98793683,40.74964456
S146,146,145,-73.98168087,40.73097498
S147,147,146,-73.986229,40.755983
S148,148,147,-73.951424,40.712774
S149,149,148,-73.940497,40.711576
S150,150,149,-73.943944,40.714576
S151,151,150,-73.956665,40.717174
S152,152,151,-73.93979285,40.70739106
S153,153,152,-73.9438156,40.74630503
S154,154,153,-73.9496,40.74412867
S155,155,154,-73.93285138,40.75276306
S156,156,155,-73.95036,40.826551
S157,157,156,-73.94489,40.834041
S158,158,157,-73.972323,40.793919
S159,159,158,-73.968379,40.799446
S160,160,159,-73.951822,40.799075
S161,161,160,-73.96137008,40.79606074
S162,162,161,-73.98197,40.778453
S163,163,162,-73.97209795,40.78134608
S164,164,163,-73.83692369,40.71804465
S165,165,164,-73.96882849,40.78582305
S166,166,165,-73.966847,40.803967
S167,167,166,-73.96411,40.807722
S168,168,167,-73.945495,40.807754
S169,169,168,-73.94077,40.814229
S170,170,169,-73.949625,40.802098
S171,171,170,-73.905227,40.85041
S172,172,171,-73.953676,40.822008
S173,173,172,-73.936245,40.820421
S174,174,173,-73.911794,40.84848
S175,175,174,-73.907684,40.853453
S176,176,175,-73.9134,40.839306
S177,177,176,-73.940133,40.840556
S178,178,177,-73.933596,40.849505
S179,179,178,-73.929412,40.855225
S180,180,179,-73.939704,40.847391
S181,181,180,-73.776013,40.592943
S182,182,181,-73.788522,40.592374
S183,183,182,-73.82052059,40.58538569
S184,184,183,-73.83559009,40.58095587
S185,185,184,-73.768175,40.595398
S186,186,185,-73.761353,40.600066
S187,187,186,-73.803289,40.707572
S188,188,187,-73.7934742,40.7105175
S189,189,188,-73.8627,40.749865
S190,190,189,-73.855334,40.75173
S191,191,190,-73.8616182,40.72976397
S192,192,191,-73.86505,40.677044
S193,193,192,-73.979917,40.783934
S194,194,193,-73.903097,40.67534467
S195,195,194,-74.002906,40.733422
S196,196,195,-73.825798,40.685951
S197,197,196,-73.987691,40.755477
S198,198,197,-73.97595787,40.57603382
S199,199,198,-73.993365,40.747215
S200,200,199,-73.984264,40.74307
S201,201,200,-73.828121,40.852462
S202,202,201,-73.842952,40.839892
S203,203,202,-73.997871,40.74104
S204,204,203,-73.976041,40.751431
S205,205,204,-73.796924,40.590927
S206,206,205,-74.000495,40.732338
S207,207,206,-73.860087,40.692427
S208,208,207,-73.852052,40.693704
S209,209,208,-73.83679338,40.69711481
S210,210,209,-73.828349,40.700482
S211,211,210,-73.903934,40.695518
S212,212,211,-73.91097572,40.69947106
S213,213,212,-73.88411071,40.66631493
S214,214,213,-73.890358,40.67271
S215,215,214,-73.885194,40.679778
S216,216,215,-73.90056237,40.66405727
S217,217,216,-73.90244864,40.663589
S218,218,217,-73.90895834,40.66261749
S219,219,218,-73.90185,40.64665367
S220,220,219,-73.89954769,40.65046879
S221,221,220,-73.91633025,40.66152979
S222,222,221,-73.92252119,40.66476679
S223,223,222,-73.89927796,40.65891477
S224,224,223,-73.90429,40.679366
S225,225,224,-73.898526,40.676998
S226,226,225,-73.88075,40.67413
S227,227,226,-73.87392925,40.68315266
S228,228,227,-73.873322,40.689616
S229,229,228,-73.867288,40.69129
S230,230,229,-73.896403,40.746325
S231,231,230,-73.89120513,40.74686757
S232,232,231,-73.86943209,40.73309737
S233,233,232,-73.912179,40.699454
S234,234,233,-73.907582,40.702919
S235,235,234,-73.918232,40.703693
S236,236,235,-73.912549,40.744149
S237,237,236,-73.91352175,40.75631695
S238,238,237,-73.90606508,40.75282483
S239,239,238,-73.918435,40.743132
S240,240,239,-73.883697,40.747659
S241,241,240,-73.876613,40.748408
S242,242,241,-73.830301,40.660476
S243,243,242,-73.834058,40.668234
S244,244,243,-73.82069264,40.70916182
S245,245,244,-73.84451672,40.72159431
S246,246,245,-73.810833,40.705418
S247,247,246,-73.80109632,40.70206738
S248,248,247,-73.86021462,40.88802826
S249,249,248,-73.879159,40.828584
S250,250,249,-73.896435,40.816104
S251,251,250,-73.918095,40.770037
S252,252,251,-73.912034,40.77503567
S253,253,252,-73.90770194,40.81643747
S254,254,253,-73.90177779,40.81948726
S255,255,254,-73.914042,40.805368
S256,256,255,-73.8876936,40.83719555
S257,257,256,-73.86723423,40.86548338
S258,258,257,-73.907657,40.808719
S259,259,258,-73.897174,40.86776
S260,260,259,-73.890064,40.873412
S261,261,260,-73.93647,40.82388
S262,262,261,-73.914685,40.844434
S263,263,262,-73.897749,40.861296
S264,264,263,-73.917791,40.840075
S265,265,264,-73.887138,40.873244
S266,266,265,-73.909831,40.874561
S267,267,266,-73.904834,40.878856
S268,268,267,-73.915279,40.869444
S269,269,268,-73.918819,40.864614
S270,270,269,-73.919899,40.868072
S271,271,270,-73.898583,40.889248
S272,272,271,-73.87996128,40.84020763
S273,273,272,-73.86250971,40.88388797
S274,274,273,-73.884655,40.87975
S275,275,274,-73.878855,40.874811
S276,276,275,-73.86705362,40.8712588
S277,277,276,-73.838591,40.878663
S278,278,277,-73.830834,40.8883
S279,279,278,-73.783817,40.71264567
S280,280,279,-73.85062,40.903125
S281,281,280,-73.959245,40.67034267
S282,282,281,-73.90526176,40.68286063
S283,283,282,-73.90311758,40.67845625
S284,284,283,-73.846384,40.869526
S285,285,284,-73.8733461,40.84186304
S286,286,285,-73.925536,40.860531
S287,287,286,-73.958372,40.815581
S288,288,287,-73.955827,40.68059567
S289,289,288,-73.92672247,40.81833014
S290,290,289,-73.91779153,40.81602925
S291,291,290,-73.9214,40.835537
S292,292,291,-73.91924,40.807566
S293,293,292,-73.930997,40.744587
S294,294,293,-73.924016,40.743781
S295,295,294,-73.94408793,40.82476636
S296,296,295,-73.938209,40.830135
S297,297,296,-73.925651,40.827905
S298,298,297,-73.930729,40.679364
S299,299,298,-73.92052647,40.75698736
S300,300,299,-73.928509,40.693172
S301,301,300,-73.922156,40.689584
S302,302,301,-73.927243,40.697873
S303,303,302,-73.91972,40.69866
S304,304,303,-73.921479,40.76677867
S305,305,304,-73.922913,40.70660667
S306,306,305,-73.933147,40.70615167
S307,307,306,-73.93713824,40.74891772
S308,308,307,-73.976971,40.62975467
S309,309,308,-74.02551,40.62974167
S310,310,309,-74.023377,40.63496667
S311,311,310,-73.99465878,40.63626089
S312,312,311,-74.005351,40.63138567
S313,313,312,-73.986829,40.59770367
S314,314,313,-73.9936762,40.60195046
S315,315,314,-73.984522,40.617109
S316,316,315,-73.990454,40.620687
S317,317,316,-74.030876,40.61662167
S318,318,317,-74.028398,40.62268667
S319,319,318,-74.00058287,40.61315893
S320,320,319,-73.99884095,40.61925871
S321,321,320,-73.99817432,40.604677
S322,322,321,-74.00159259,40.60773573
S323,323,322,-73.99685725,40.62622446
S324,324,323,-73.996353,40.62484167
S325,325,324,-73.97337642,40.59592483
S326,326,325,-73.97235531,40.60325841
S327,327,326,-73.96135379,40.5777102
S328,328,327,-73.95405791,40.58654755
S329,329,328,-73.95581122,40.59930895
S330,330,329,-73.95760874,40.60863865
S331,331,330,-73.979084,40.597236
S332,332,331,-73.980373,40.604059
S333,333,332,-73.97459273,40.58073876
S334,334,333,-73.974266,40.58944967
S335,335,334,-73.983765,40.58884067
S336,336,335,-73.978189,40.592465
S337,337,336,-73.97300282,40.60884281
S338,338,337,-73.97404851,40.61435671
S339,339,338,-73.97525698,40.62073162
S340,340,339,-73.95924311,40.61739774
S341,341,340,-73.98178001,40.61145579
S342,342,341,-73.97606933,40.62501744
S343,343,342,-73.96069316,40.62502282
S344,344,343,-73.96151794,40.62920838
S345,345,344,-73.95507827,40.59532169
S346,346,345,-73.94193761,40.75373927
S347,347,346,-73.985984,40.762456
S348,348,347,-73.98169782,40.76297015
S349,349,348,-73.981331,40.758641
S350,350,349,-73.977368,40.764085
S351,351,350,-73.96608964,40.76461809
S352,352,351,-73.953235,40.759172
S353,353,352,-73.98164872,40.76824953
S354,354,353,-73.98420957,40.75980197
S355,355,354,-73.98072973,40.76456553
S356,356,355,-73.973347,40.764811
S357,357,356,-73.96737502,40.76270886
S358,358,357,-73.991057,40.750373
S359,359,358,-73.987495,40.75529
S360,360,359,-74.00762309,40.71016217
S361,361,360,-74.00858474,40.714111
S362,362,361,-73.989735,40.757308
S363,363,362,-73.949067,40.694619
S364,364,363,-73.950234,40.70037667
S365,365,364,-73.992765,40.74295432
S366,366,365,-73.98777189,40.7497894
S367,367,366,-73.98503624,40.68840848
S368,368,367,-73.98721815,40.69247064
S369,369,368,-73.990177,40.713855
S370,370,369,-73.98807807,40.71868074
S371,371,370,-73.989938,40.72340167
S372,372,371,-73.94137735,40.7004044
S373,373,372,-73.935623,40.697195
S374,374,373,-73.989779,40.67027167
S375,375,374,-73.99589173,40.67364106
S376,376,375,-73.9907565,40.68611055
S377,377,376,-73.98605668,40.6922554
S378,378,377,-73.99181831,40.69419648
S379,379,378,-73.99053886,40.73587227
S380,380,379,-73.989344,40.74130267
S381,381,380,-73.992872,40.66541367
S382,382,381,-73.988302,40.67084667
S383,383,382,-73.98575,40.732691
S384,384,383,-73.99066977,40.73476331
S385,385,384,-73.896548,40.674542
S386,386,385,-73.905316,40.67833367
S387,387,386,-74.017881,40.64136167
S388,388,387,-74.010006,40.64893867
S389,389,388,-74.003549,40.65514367
S390,390,389,-73.99444874,40.64648408
S391,391,390,-74.014034,40.64506867
S392,392,391,-73.99420224,40.64091271
S393,393,392,-73.998091,40.66039667
S394,394,393,-73.99494698,40.68027335
S395,395,394,-74.003739,40.726227
S396,396,395,-73.937969,40.851695
S397,397,396,-73.93418,40.859022
S398,398,397,-73.95479778,40.80505813
S399,399,398,-73.952248,40.81107167
S400,400,399,-73.997702,40.72432867
S401,401,400,-73.992508,40.730465
S402,402,401,-74.006571,40.709416
S403,403,402,-74.008811,40.713051
S404,404,403,-74.009266,40.715478
S405,405,404,-73.9850638,40.69054419
S406,406,405,-73.989998,40.693219
S407,407,406,-73.903879,40.858407
S408,408,407,-73.901034,40.862803
S409,409,408,-74.00974462,40.71256393
S410,410,409,-74.005229,40.720824
S411,411,410,-73.941514,40.830518
S412,412,411,-73.939892,40.836013
S413,413,412,-74.007938,40.71002267
S414,414,413,-74.00340673,40.71323379
S415,415,414,-73.99982639,40.71817388
S416,416,415,-74.00698582,40.71327233
S417,417,416,-74.001826,40.719465
S418,418,417,-74.01316896,40.70173051
S419,419,418,-74.014008,40.704914
S420,420,419,-74.011862,40.707557
S421,421,420,-74.01300724,40.70314237
S422,422,421,-74.01297456,40.70774476
S423,423,422,-73.895898,40.706226
S424,424,423,-73.88957723,40.71143131
S425,425,424,-74.013783,40.707513
S426,426,425,-74.012188,40.711835
S427,427,426,-74.009509,40.710368
S428,428,427,-74.011056,40.706476
S429,429,428,-74.01113196,40.71051298
S430,430,429,-74.0091,40.706821
S431,431,430,-73.927271,40.865491
S432,432,431,-73.993753,40.718267
S433,433,432,-73.996204,40.725297
S434,434,433,-73.99380691,40.72024688
S435,435,434,-74.00105471,40.71881426
S436,436,435,-73.998041,40.745906
S437,437,436,-73.993391,40.752287
S438,438,437,-73.89129867,40.74653969
S439,439,438,-74.000201,40.737826
S440,440,439,-73.94753481,40.81790556
S441,441,440,-73.996209,40.738228
S442,442,441,-73.99775079,40.73774147
S443,443,442,-74.002578,40.73977667
S444,444,443,-74.00169,40.740893
S445,445,444,-73.95042625,40.66993815
S446,446,445,-73.993086,40.697466
S447,447,446,-73.956848,40.68137967
S448,448,447,-73.965838,40.683263
S449,449,448,-73.903075,40.704412
S450,450,449,-73.94425,40.79502
S451,451,450,-73.955589,40.779492
S452,452,451,-73.986885,40.69974267
S453,453,452,-73.990531,40.699337
S454,454,453,-73.973946,40.686113
S455,455,454,-73.9505892,40.6678836
S456,456,455,-73.878751,40.886037
S457,457,456,-73.994659,40.72591467
S458,458,457,-73.947478,40.7906
S459,459,458,-73.872106,40.675377
S460,460,459,-73.85147,40.679843
S461,461,460,-73.96379006,40.64094017
S462,462,461,-73.941617,40.798629
S463,463,462,-73.860816,40.833226
S464,464,463,-74.006886,40.719318
S465,465,464,-73.858992,40.679371
S466,466,465,-73.981963,40.753821
S467,467,466,-73.997141,40.722301
S468,468,467,-73.937594,40.804138
S469,469,468,-73.981236,40.577281
S470,470,469,-74.00219709,40.75544636
S641,641,470,-73.95836179,40.76880251
S642,642,471,-73.95177091,40.77786104
S643,643,472,-73.94706602,40.78423665
B72,72,473,-73.99392888,40.76727216
B72,72,474,-73.99392888,40.76727216
B79,79,475,-74.00666661,40.71911552
B79,79,476,-74.00666661,40.71911552
B82,82,477,-74.00016545,40.71117416
B82,82,478,-74.00016545,40.71117416
B83,83,479,-73.97632328,40.68382604
B83,83,480,-73.97632328,40.68382604
B119,119,481,-73.97803415,40.69608941
B119,119,482,-73.97803415,40.69608941
B120,120,483,-73.95928168,40.68676793
B120,120,484,-73.95928168,40.68676793
B127,127,485,-74.00674436,40.73172428
B127,127,486,-74.00674436,40.73172428
B128,128,487,-74.00297088,40.72710258
B128,128,488,-74.00297088,40.72710258
B143,143,489,-73.99337909,40.69239502
B143,143,490,-73.99337909,40.69239502
B144,144,491,-73.98068914,40.69839895
B144,144,492,-73.98068914,40.69839895
B146,146,493,-74.0091059,40.71625008
B146,146,494,-74.0091059,40.71625008
B150,150,495,-73.98085795,40.7208736
B150,150,496,-73.98085795,40.7208736
B151,151,497,-73.99724901,40.72210379
B151,151,498,-73.99724901,40.72210379
B152,152,499,-74.00910627,40.71473993
B152,152,500,-74.00910627,40.71473993
B157,157,501,-73.99612349,40.69089272
B157,157,502,-73.99612349,40.69089272
B161,161,503,-73.99810231,40.72917025
B161,161,504,-73.99810231,40.72917025
B164,164,505,-73.97032517,40.75323098
B164,164,506,-73.97032517,40.75323098
B167,167,507,-73.97604882,40.7489006
B167,167,508,-73.97604882,40.7489006
B168,168,509,-73.99456405,40.73971301
B168,168,510,-73.99456405,40.73971301
B173,173,511,-73.98452729,40.76068327
B173,173,512,-73.98452729,40.76068327
B174,174,513,-73.97738662,40.7381765
B174,174,514,-73.97738662,40.7381765
B195,195,515,-74.01043382,40.70905623
B195,195,516,-74.01043382,40.70905623
B212,212,517,-74.00681753,40.74334935
B212,212,518,-74.00681753,40.74334935
B216,216,519,-73.99548059,40.70037867
B216,216,520,-73.99548059,40.70037867
B217,217,521,-73.99383605,40.70277159
B217,217,522,-73.99383605,40.70277159
B223,223,523,-73.99994661,40.73781509
B223,223,524,-73.99994661,40.73781509
B228,228,525,-73.97187886,40.7546011
B228,228,526,-73.97187886,40.7546011
B229,229,527,-73.99379025,40.72743423
B229,229,528,-73.99379025,40.72743423
B232,232,529,-73.99014892,40.69597683
B232,232,530,-73.99014892,40.69597683
B236,236,531,-73.98713956,40.7284186
B236,236,532,-73.98713956,40.7284186
B237,237,533,-73.98672378,40.73047309
B237,237,534,-73.98672378,40.73047309
B238,238,535,-74.00859207,40.7361967
B238,238,536,-74.00859207,40.7361967
B239,239,537,-73.9813018,40.69196566
B239,239,538,-73.9813018,40.69196566
B241,241,539,-73.97493121,40.68981035
B241,241,540,-73.97493121,40.68981035
B242,242,541,-73.973736,40.697787
B242,242,542,-73.973736,40.697787
B243,243,543,-73.979382,40.688226
B243,243,544,-73.979382,40.688226
B244,244,545,-73.96536851,40.69196035
B244,244,546,-73.96536851,40.69196035
B245,245,547,-73.97703874,40.69327018
B245,245,548,-73.97703874,40.69327018
B247,247,549,-74.00483091,40.73535398
B247,247,550,-74.00483091,40.73535398
B248,248,551,-74.00771779,40.72185379
B248,248,552,-74.00771779,40.72185379
B249,249,553,-74.0090009,40.71870987
B249,249,554,-74.0090009,40.71870987
B251,251,555,-73.99480012,40.72317958
B251,251,556,-73.99480012,40.72317958
B252,252,557,-73.99852205,40.73226398
B252,252,558,-73.99852205,40.73226398
B253,253,559,-73.99453948,40.73543934
B253,253,560,-73.99453948,40.73543934
B254,254,561,-73.99800419,40.73532427
B254,254,562,-73.99800419,40.73532427
B257,257,563,-74.00247214,40.71939226
B257,257,564,-74.00247214,40.71939226
B258,258,565,-73.96885458,40.68940747
B258,258,566,-73.96885458,40.68940747
B259,259,567,-74.01234218,40.70122128
B259,259,568,-74.01234218,40.70122128
B260,260,569,-74.01167797,40.70365182
B260,260,570,-74.01167797,40.70365182
B261,261,571,-73.98362464,40.69474881
B261,261,572,-73.98362464,40.69474881
B262,262,573,-73.9737299,40.6917823
B262,262,574,-73.9737299,40.6917823
B264,264,575,-74.00731853,40.70706456
B264,264,576,-74.00731853,40.70706456
B265,265,577,-73.99147535,40.72229346
B265,265,578,-73.99147535,40.72229346
B266,266,579,-73.97574813,40.72368361
B266,266,580,-73.97574813,40.72368361
B267,267,581,-73.98765428,40.75097711
B267,267,582,-73.98765428,40.75097711
B268,268,583,-73.99973337,40.71910537
B268,268,584,-73.99973337,40.71910537
B270,270,585,-73.97178913,40.69308257
B270,270,586,-73.97178913,40.69308257
B274,274,587,-73.976682,40.68691865
B274,274,588,-73.976682,40.68691865
B275,275,589,-73.96563307,40.68650065
B275,275,590,-73.96563307,40.68650065
B276,276,591,-74.0104554,40.71748752
B276,276,592,-74.0104554,40.71748752
B278,278,593,-73.98476437,40.69766564
B278,278,594,-73.98476437,40.69766564
B279,279,595,-74.00167,40.707873
B279,279,596,-74.00167,40.707873
B280,280,597,-73.99510132,40.73331967
B280,280,598,-73.99510132,40.73331967
B281,281,599,-73.97371465,40.7643971
B281,281,600,-73.97371465,40.7643971
B282,282,601,-73.96841526,40.70764494
B282,282,602,-73.96841526,40.70764494
B284,284,603,-74.00263761,40.73901691
B284,284,604,-74.00263761,40.73901691
B285,285,605,-73.99074142,40.73454567
B285,285,606,-73.99074142,40.73454567
B289,289,607,-73.95881081,40.6845683
B289,289,608,-73.95881081,40.6845683
B291,291,609,-73.984844,40.713126
B291,291,610,-73.984844,40.713126
B293,293,611,-73.99102628,40.73020661
B293,293,612,-73.99102628,40.73020661
B295,295,613,-73.99293911,40.71406667
B295,295,614,-73.99293911,40.71406667
B296,296,615,-73.9970468,40.71413089
B296,296,616,-73.9970468,40.71413089
B297,297,617,-73.986923,40.734232
B297,297,618,-73.986923,40.734232
B298,298,619,-73.9796772,40.68683208
B298,298,620,-73.9796772,40.68683208
B301,301,621,-73.98368779,40.72217444
B301,301,622,-73.98368779,40.72217444
B302,302,623,-73.97793172,40.72082834
B302,302,624,-73.97793172,40.72082834
B303,303,625,-73.99949601,40.72362738
B303,303,626,-73.99949601,40.72362738
B304,304,627,-74.01361706,40.70463334
B304,304,628,-74.01361706,40.70463334
B305,305,629,-73.96724467,40.76095756
B305,305,630,-73.96724467,40.76095756
B306,306,631,-74.00530063,40.70823502
B306,306,632,-74.00530063,40.70823502
B307,307,633,-73.98990025,40.71427487
B307,307,634,-73.98990025,40.71427487
B308,308,635,-73.99851193,40.71307916
B308,308,636,-73.99851193,40.71307916
B309,309,637,-74.013012,40.7149787
B309,309,638,-74.013012,40.7149787
B310,310,639,-73.98912867,40.68926942
B310,310,640,-73.98912867,40.68926942
B311,311,641,-73.98802084,40.7172274
B311,311,642,-73.98802084,40.7172274
B312,312,643,-73.989111,40.722055
B312,312,644,-73.989111,40.722055
B313,313,645,-73.96751037,40.69610226
B313,313,646,-73.96751037,40.69610226
B314,314,647,-73.990539,40.69383
B314,314,648,-73.990539,40.69383
B315,315,649,-74.00670227,40.70355377
B315,315,650,-74.00670227,40.70355377
B316,316,651,-74.00653609,40.70955958
B316,316,652,-74.00653609,40.70955958
B317,317,653,-73.98185424,40.72453734
B317,317,654,-73.98185424,40.72453734
B319,319,655,-74.009447,40.711066
B319,319,656,-74.009447,40.711066
B320,320,657,-74.005549,40.717571
B320,320,658,-74.005549,40.717571
B321,321,659,-73.98971773,40.69991755
B321,321,660,-73.98971773,40.69991755
B322,322,661,-73.991218,40.696192
B322,322,662,-73.991218,40.696192
B323,323,663,-73.98631746,40.69236178
B323,323,664,-73.98631746,40.69236178
B324,324,665,-73.981013,40.689888
B324,324,666,-73.981013,40.689888
B325,325,667,-73.98473765,40.73624527
B325,325,668,-73.98473765,40.73624527
B326,326,669,-73.98426726,40.72953837
B326,326,670,-73.98426726,40.72953837
B327,327,671,-74.01658354,40.7153379
B327,327,672,-74.01658354,40.7153379
B328,328,673,-74.00965965,40.72405549
B328,328,674,-74.00965965,40.72405549
B330,330,675,-74.00562789,40.71450451
B330,330,676,-74.00562789,40.71450451
B331,331,677,-73.99193043,40.71173107
B331,331,678,-73.99193043,40.71173107
B332,332,679,-73.97948148,40.71219906
B332,332,680,-73.97948148,40.71219906
B334,334,681,-73.99726235,40.74238787
B334,334,682,-73.99726235,40.74238787
B335,335,683,-73.99404649,40.72903917
B335,335,684,-73.99404649,40.72903917
B336,336,685,-73.99906065,40.73047747
B336,336,686,-73.99906065,40.73047747
B337,337,687,-74.00838676,40.7037992
B337,337,688,-74.00838676,40.7037992
B339,339,689,-73.97422494,40.72580614
B339,339,690,-73.97422494,40.72580614
B340,340,691,-73.98776323,40.71269042
B340,340,692,-73.98776323,40.71269042
B341,341,693,-73.97628939,40.71782143
B341,341,694,-73.97628939,40.71782143
B342,342,695,-73.98016555,40.71739973
B342,342,696,-73.98016555,40.71739973
B343,343,697,-73.96986848,40.69794
B343,343,698,-73.96986848,40.69794
B344,344,699,-73.95380904,40.6851443
B344,344,700,-73.95380904,40.6851443
B345,345,701,-73.99704374,40.73649403
B345,345,702,-73.99704374,40.73649403
B346,346,703,-74.00618026,40.73652889
B346,346,704,-74.00618026,40.73652889
B347,347,705,-74.008591,40.728846
B347,347,706,-74.008591,40.728846
B349,349,707,-73.98329859,40.71850211
B349,349,708,-73.98329859,40.71850211
B350,350,709,-73.9870295,40.71559509
B350,350,710,-73.9870295,40.71559509
B351,351,711,-74.00612572,40.70530954
B351,351,712,-74.00612572,40.70530954
B353,353,713,-73.97431458,40.68539567
B353,353,714,-73.97431458,40.68539567
B354,354,715,-73.96223558,40.69363137
B354,354,716,-73.96223558,40.69363137
B355,355,717,-73.99974372,40.71602118
B355,355,718,-73.99974372,40.71602118
B356,356,719,-73.98261206,40.71622644
B356,356,720,-73.98261206,40.71622644
B357,357,721,-73.99158043,40.73261787
B357,357,722,-73.99158043,40.73261787
B358,358,723,-74.00711384,40.73291553
B358,358,724,-74.00711384,40.73291553
B359,359,725,-73.97498696,40.75510267
B359,359,726,-73.97498696,40.75510267
B360,360,727,-74.00887308,40.70717936
B360,360,728,-74.00887308,40.70717936
B361,361,729,-73.99190759,40.71605866
B361,361,730,-73.99190759,40.71605866
B362,362,731,-73.98753523,40.75172632
B362,362,732,-73.98753523,40.75172632
B363,363,733,-74.01713445,40.70834698
B363,363,734,-74.01713445,40.70834698
B364,364,735,-73.96023854,40.68900443
B364,364,736,-73.96023854,40.68900443
B365,365,737,-73.9614583,40.68223166
B365,365,738,-73.9614583,40.68223166
B366,366,739,-73.968896,40.693261
B366,366,740,-73.968896,40.693261
B368,368,741,-74.00214988,40.73038599
B368,368,742,-74.00214988,40.73038599
B369,369,743,-74.00026394,40.73224119
B369,369,744,-74.00026394,40.73224119
B372,372,745,-73.95801365,40.69454609
B372,372,746,-73.95801365,40.69454609
B373,373,747,-73.95381995,40.69331716
B373,373,748,-73.95381995,40.69331716
B376,376,749,-74.00722156,40.70862144
B376,376,750,-74.00722156,40.70862144
B377,377,751,-74.00566443,40.72243797
B377,377,752,-74.00566443,40.72243797
B379,379,753,-73.9916,40.749156
B379,379,754,-73.9916,40.749156
B380,380,755,-74.00293877,40.73401143
B380,380,756,-74.00293877,40.73401143
B382,382,757,-73.99200509,40.73492695
B382,382,758,-73.99200509,40.73492695
B383,383,759,-74.000271,40.735238
B383,383,760,-74.000271,40.735238
B385,385,761,-73.96603308,40.75797322
B385,385,762,-73.96603308,40.75797322
B386,386,763,-74.00234482,40.71494807
B386,386,764,-74.00234482,40.71494807
B387,387,765,-74.0046073,40.71273266
B387,387,766,-74.0046073,40.71273266
B388,388,767,-74.00295035,40.74971775
B388,388,768,-74.00295035,40.74971775
B389,389,769,-73.96525063,40.71044554
B389,389,770,-73.96525063,40.71044554
B390,390,771,-73.9842844,40.69221589
B390,390,772,-73.9842844,40.69221589
B391,391,773,-73.99344559,40.69760127
B391,391,774,-73.99344559,40.69760127
B392,392,775,-73.987167,40.695065
B392,392,776,-73.987167,40.695065
B393,393,777,-73.97995466,40.72299208
B393,393,778,-73.97995466,40.72299208
B394,394,779,-73.97768752,40.72521311
B394,394,780,-73.97768752,40.72521311
B396,396,781,-73.95576894,40.68034242
B396,396,782,-73.95576894,40.68034242
B397,397,783,-73.96922273,40.68415748
B397,397,784,-73.96922273,40.68415748
B398,398,785,-73.9999786,40.69165183
B398,398,786,-73.9999786,40.69165183
B399,399,787,-73.9647628,40.68851534
B399,399,788,-73.9647628,40.68851534
B400,400,789,-73.98178024,40.71926081
B400,400,790,-73.98178024,40.71926081
B401,401,791,-73.98997825,40.72019576
B401,401,792,-73.98997825,40.72019576
B402,402,793,-73.98955109,40.7403432
B402,402,794,-73.98955109,40.7403432
B403,403,795,-73.99069656,40.72502876
B403,403,796,-73.99069656,40.72502876
B405,405,797,-74.008119,40.739323
B405,405,798,-74.008119,40.739323
B406,406,799,-73.99595065,40.69512845
B406,406,800,-73.99595065,40.69512845
B407,407,801,-73.991454,40.700469
B407,407,802,-73.991454,40.700469
B408,408,803,-73.99400398,40.71076228
B408,408,804,-73.99400398,40.71076228
B409,409,805,-73.95643107,40.6906495
B409,409,806,-73.95643107,40.6906495
B410,410,807,-73.98517977,40.72066442
B410,410,808,-73.98517977,40.72066442
B411,411,809,-73.97668709,40.72228087
B411,411,810,-73.97668709,40.72228087
B412,412,811,-73.99422366,40.7158155
B412,412,812,-73.99422366,40.7158155
B414,414,813,-73.98765762,40.70281858
B414,414,814,-73.98765762,40.70281858
B415,415,815,-74.00926027,40.7047177
B415,415,816,-74.00926027,40.7047177
B416,416,817,-73.97265183,40.68753406
B416,416,818,-73.97265183,40.68753406
B417,417,819,-74.01020234,40.71291224
B417,417,820,-74.01020234,40.71291224
B418,418,821,-73.982578,40.70224
B418,418,822,-73.982578,40.70224
B419,419,823,-73.97355569,40.69580705
B419,419,824,-73.97355569,40.69580705
B420,420,825,-73.96968902,40.68764484
B420,420,826,-73.96968902,40.68764484
B421,421,827,-73.97129668,40.69573398
B421,421,828,-73.97129668,40.69573398
B422,422,829,-73.988038,40.770513
B422,422,830,-73.988038,40.770513
B423,423,831,-73.98690506,40.76584941
B423,423,832,-73.98690506,40.76584941
B426,426,833,-74.01322069,40.71754834
B426,426,834,-74.01322069,40.71754834
B427,427,835,-74.013942,40.701907
B427,427,836,-74.013942,40.701907
B428,428,837,-73.98783413,40.72467721
B428,428,838,-73.98783413,40.72467721
B430,430,839,-73.98656928,40.7014851
B430,430,840,-73.98656928,40.7014851
B432,432,841,-73.98379855,40.72621788
B432,432,842,-73.98379855,40.72621788
B433,433,843,-73.98057249,40.72955361
B433,433,844,-73.98057249,40.72955361
B435,435,845,-73.99415556,40.74173969
B435,435,846,-73.99415556,40.74173969
B436,436,847,-73.95399026,40.68216564
B436,436,848,-73.95399026,40.68216564
B437,437,849,-73.95004798,40.68098339
B437,437,850,-73.95004798,40.68098339
B438,438,851,-73.98564945,40.72779126
B438,438,852,-73.98564945,40.72779126
B439,439,853,-73.98978041,40.7262807
B439,439,854,-73.98978041,40.7262807
B440,440,855,-73.97282625,40.75255434
B440,440,856,-73.97282625,40.75255434
B441,441,857,-73.967416,40.756014
B441,441,858,-73.967416,40.756014
B442,442,859,-73.993915,40.746647
B442,442,860,-73.993915,40.746647
B443,443,861,-73.96408963,40.70853074
B443,443,862,-73.96408963,40.70853074
B445,445,863,-73.98142006,40.72740794
B445,445,864,-73.98142006,40.72740794
B446,446,865,-73.99529885,40.74487634
B446,446,866,-73.99529885,40.74487634
B447,447,867,-73.9851615,40.76370739
B447,447,868,-73.9851615,40.76370739
B448,448,869,-73.9979009,40.75660359
B448,448,870,-73.9979009,40.75660359
B449,449,871,-73.98789473,40.76461837
B449,449,872,-73.98789473,40.76461837
B450,450,873,-73.98788205,40.76227205
B450,450,874,-73.98788205,40.76227205
B453,453,875,-73.99915362,40.74475148
B453,453,876,-73.99915362,40.74475148
B454,454,877,-73.96592976,40.75455731
B454,454,878,-73.96592976,40.75455731
B455,455,879,-73.96905301,40.75001986
B455,455,880,-73.96905301,40.75001986
B456,456,881,-73.97402311,40.7597108
B456,456,882,-73.97402311,40.7597108
B457,457,883,-73.98169333,40.76695317
B457,457,884,-73.98169333,40.76695317
B458,458,885,-74.005226,40.751396
B458,458,886,-74.005226,40.751396
B459,459,887,-74.007756,40.746745
B459,459,888,-74.007756,40.746745
B460,460,889,-73.96590294,40.71285887
B460,460,890,-73.96590294,40.71285887
B461,461,891,-73.98205027,40.73587678
B461,461,892,-73.98205027,40.73587678
B462,462,893,-74.00451887,40.74691959
B462,462,894,-74.00451887,40.74691959
B465,465,895,-73.98658032,40.75513557
B465,465,896,-73.98658032,40.75513557
B466,466,897,-73.99144871,40.74395411
B466,466,898,-73.99144871,40.74395411
B467,467,899,-73.97895137,40.68312489
B467,467,900,-73.97895137,40.68312489
B468,468,901,-73.98192338,40.7652654
B468,468,902,-73.98192338,40.7652654
B469,469,903,-73.98268129,40.76344058
B469,469,904,-73.98268129,40.76344058
B470,470,905,-74.00004031,40.74345335
B470,470,906,-74.00004031,40.74345335
B471,471,907,-73.95698119,40.71286844
B471,471,908,-73.95698119,40.71286844
B472,472,909,-73.98194829,40.7457121
B472,472,910,-73.98194829,40.7457121
B473,473,911,-73.9919254,40.72110063
B473,473,912,-73.9919254,40.72110063
B474,474,913,-73.98683077,40.7451677
B474,474,914,-73.98683077,40.7451677
B476,476,915,-73.97966069,40.74394314
B476,476,916,-73.97966069,40.74394314
B477,477,917,-73.9900262,40.75640548
B477,477,918,-73.9900262,40.75640548
B478,478,919,-73.99884222,40.76030096
B478,478,920,-73.99884222,40.76030096
B479,479,921,-73.9912551,40.76019252
B479,479,922,-73.9912551,40.76019252
B480,480,923,-73.99061728,40.76669671
B480,480,924,-73.99061728,40.76669671
B481,481,925,-73.96264403,40.71260486
B481,481,926,-73.96264403,40.71260486
B482,482,927,-73.99931783,40.73935542
B482,482,928,-73.99931783,40.73935542
B483,483,929,-73.98889957,40.73223272
B483,483,930,-73.98889957,40.73223272
B484,484,931,-73.98014437,40.75500254
B484,484,932,-73.98014437,40.75500254
B485,485,933,-73.98338988,40.75038009
B485,485,934,-73.98338988,40.75038009
B486,486,935,-73.98855723,40.7462009
B486,486,936,-73.98855723,40.7462009
B487,487,937,-73.97573881,40.73314259
B487,487,938,-73.97573881,40.73314259
B490,490,939,-73.993934,40.751551
B490,490,940,-73.993934,40.751551
B491,491,941,-73.98602213,40.74096374
B491,491,942,-73.98602213,40.74096374
B492,492,943,-73.99093085,40.75019995
B492,492,944,-73.99093085,40.75019995
B493,493,945,-73.98291153,40.7568001
B493,493,946,-73.98291153,40.7568001
B494,494,947,-73.99723551,40.74734825
B494,494,948,-73.99723551,40.74734825
B495,495,949,-73.99301222,40.76269882
B495,495,950,-73.99301222,40.76269882
B496,496,951,-73.99238967,40.73726186
B496,496,952,-73.99238967,40.73726186
B497,497,953,-73.99009296,40.73704984
B497,497,954,-73.99009296,40.73704984
B498,498,955,-73.98808416,40.74854862
B498,498,956,-73.98808416,40.74854862
B499,499,957,-73.98191841,40.76915505
B499,499,958,-73.98191841,40.76915505
B500,500,959,-73.98336183,40.76228826
B500,500,960,-73.98336183,40.76228826
B501,501,961,-73.97121214,40.744219
B501,501,962,-73.97121214,40.744219
B502,502,963,-73.981346,40.714215
B502,502,964,-73.981346,40.714215
B503,503,965,-73.98751968,40.73827428
B503,503,966,-73.98751968,40.73827428
B504,504,967,-73.98165557,40.73221853
B504,504,968,-73.98165557,40.73221853
B505,505,969,-73.98848395,40.74901271
B505,505,970,-73.98848395,40.74901271
B507,507,971,-73.97973776,40.73912601
B507,507,972,-73.97973776,40.73912601
B508,508,973,-73.99667444,40.76341379
B508,508,974,-73.99667444,40.76341379
B509,509,975,-74.00197139,40.7454973
B509,509,976,-74.00197139,40.7454973
B513,513,977,-73.988639,40.768254
B513,513,978,-73.988639,40.768254
B514,514,979,-74.00277668,40.76087502
B514,514,980,-74.00277668,40.76087502
B515,515,981,-73.99461843,40.76009437
B515,515,982,-73.99461843,40.76009437
B516,516,983,-73.96784384,40.75206862
B516,516,984,-73.96784384,40.75206862
B517,517,985,-73.97791,40.751581
B517,517,986,-73.97791,40.751581
B518,518,987,-73.9734419,40.74780373
B518,518,988,-73.9734419,40.74780373
B519,519,989,-73.977706,40.751873
B519,519,990,-73.977706,40.751873
B520,520,991,-73.97648516,40.75992262
B520,520,992,-73.97648516,40.75992262
B522,522,993,-73.97207836,40.75714758
B522,522,994,-73.97207836,40.75714758
B523,523,995,-73.99138152,40.75466591
B523,523,996,-73.99138152,40.75466591
B524,524,997,-73.98316936,40.75527307
B524,524,998,-73.98316936,40.75527307
B525,525,999,-74.0021163,40.75594159
B525,525,1000,-74.0021163,40.75594159
B526,526,1001,-73.98490707,40.74765947
B526,526,1002,-73.98490707,40.74765947
B527,527,1003,-73.976056,40.744023
B527,527,1004,-73.976056,40.744023
B528,528,1005,-73.97706058,40.74290902
B528,528,1006,-73.97706058,40.74290902
B529,529,1007,-73.99098507,40.7575699
B529,529,1008,-73.99098507,40.7575699
B530,530,1009,-73.990541,40.771522
B530,530,1010,-73.99046034,40.77149671
B530,530,1011,-73.990541,40.771522
B530,530,1012,-73.99046034,40.77149671
B531,531,1013,-73.99266288,40.71893904
B531,531,1014,-73.99266288,40.71893904
B532,532,1015,-73.960876,40.710451
B532,532,1016,-73.960876,40.710451
B533,533,1017,-73.98721619,40.75299641
B533,533,1018,-73.98721619,40.75299641
B534,534,1019,-74.0127234,40.70255065
B534,534,1020,-74.0127234,40.70255065
B536,536,1021,-73.97536082,40.74144387
B536,536,1022,-73.97536082,40.74144387
B537,537,1023,-73.98409214,40.74025878
B537,537,1024,-73.98409214,40.74025878
B539,539,1025,-73.96024116,40.71534825
B539,539,1026,-73.96024116,40.71534825
B540,540,1027,-73.98215353,40.74311555
B540,540,1028,-73.98215353,40.74311555
B545,545,1029,-73.97809472,40.736502
B545,545,1030,-73.97809472,40.736502
B546,546,1031,-73.98303529,40.74444921
B546,546,1032,-73.98303529,40.74444921
B2000,2000,1033,-73.98940236,40.70255088
B2000,2000,1034,-73.98940236,40.70255088
B2001,2001,1035,-73.979927,40.699773
B2001,2001,1036,-73.979927,40.699773
B2002,2002,1037,-73.963198,40.716887
B2002,2002,1038,-73.963198,40.716887
B2003,2003,1039,-73.98054421,40.73381219
B2003,2003,1040,-73.98054421,40.73381219
B2005,2005,1041,-73.97100056,40.70531194
B2005,2005,1042,-73.97100056,40.70531194
B2006,2006,1043,-73.97634151,40.76590936
B2006,2006,1044,-73.97634151,40.76590936
B2008,2008,1045,-74.01677685,40.70569254
B2008,2008,1046,-74.01677685,40.70569254
B2009,2009,1047,-73.99682619,40.71117444
B2009,2009,1048,-73.99682619,40.71117444
B2010,2010,1049,-74.00234737,40.72165481
B2010,2010,1050,-74.00234737,40.72165481
B2012,2012,1051,-73.976806,40.739445
B2012,2012,1052,-73.976806,40.739445
B2021,2021,1053,-73.98859651,40.75929124
B2021,2021,1054,-73.98859651,40.75929124
B2022,2022,1055,-73.959223,40.759107
B2022,2022,1056,-73.959223,40.759107
B2023,2023,1057,-73.97031366,40.75968085
B2023,2023,1058,-73.97031366,40.75968085
B3002,3002,1059,-74.015756,40.711512
B3002,3002,1060,-74.015756,40.711512
B3016,3016,1061,-73.96165073,40.72036775
B3016,3016,1062,-73.96165073,40.72036775
B3036,3036,1063,-73.999722,40.66290777
B3036,3036,1064,-73.999722,40.66290777
B3040,3040,1065,-73.99497986,40.66979964
B3040,3040,1066,-73.99497986,40.66979964
B3041,3041,1067,-73.94142771,40.67890679
B3041,3041,1068,-73.94142771,40.67890679
B3042,3042,1069,-73.9298911,40.6794268
B3042,3042,1070,-73.9298911,40.6794268
B3043,3043,1071,-73.934903,40.6814598
B3043,3043,1072,-73.934903,40.6814598
B3044,3044,1073,-73.938475,40.6800105
B3044,3044,1074,-73.938475,40.6800105
B3046,3046,1075,-73.938037,40.682601
B3046,3046,1076,-73.938037,40.682601
B3047,3047,1077,-73.944118,40.6823687
B3047,3047,1078,-73.944118,40.6823687
B3048,3048,1079,-73.94977,40.68402
B3048,3048,1080,-73.94977,40.68402
B3049,3049,1081,-73.96304,40.68488
B3049,3049,1082,-73.96304,40.68488
B3050,3050,1083,-73.94111,40.6851532
B3050,3050,1084,-73.94111,40.6851532
B3052,3052,1085,-73.935775,40.686312
B3052,3052,1086,-73.935775,40.686312
B3053,3053,1087,-73.947915,40.6900815
B3053,3053,1088,-73.947915,40.6900815
B3054,3054,1089,-73.942061,40.6894932
B3054,3054,1090,-73.942061,40.6894932
B3055,3055,1091,-73.950916,40.6883337
B3055,3055,1092,-73.950916,40.6883337
B3056,3056,1093,-73.95133465,40.69072549
B3056,3056,1094,-73.95133465,40.69072549
B3057,3057,1095,-73.9452416,40.69128258
B3057,3057,1096,-73.9452416,40.69128258
B3058,3058,1097,-73.93705428,40.69237074
B3058,3058,1098,-73.93705428,40.69237074
B3059,3059,1099,-73.939877,40.6933982
B3059,3059,1100,-73.939877,40.6933982
B3060,3060,1101,-73.94626915,40.69425403
B3060,3060,1102,-73.94626915,40.69425403
B3061,3061,1103,-73.94371094,40.69622937
B3061,3061,1104,-73.94371094,40.69622937
B3062,3062,1105,-73.94954908,40.69539817
B3062,3062,1106,-73.94954908,40.69539817
B3063,3063,1107,-73.95238108,40.69527008
B3063,3063,1108,-73.95238108,40.69527008
B3064,3064,1109,-73.93756926,40.69681963
B3064,3064,1110,-73.93756926,40.69681963
B3065,3065,1111,-73.95032283,40.70029511
B3065,3065,1112,-73.95032283,40.70029511
B3066,3066,1113,-73.94708417,40.69957608
B3066,3066,1114,-73.94708417,40.69957608
B3067,3067,1115,-73.9437303,40.7016657
B3067,3067,1116,-73.9437303,40.7016657
B3068,3068,1117,-73.940636,40.7031724
B3068,3068,1118,-73.940636,40.7031724
B3069,3069,1119,-73.94818595,40.70411791
B3069,3069,1120,-73.94818595,40.70411791
B3070,3070,1121,-73.94407279,40.70510918
B3070,3070,1122,-73.94407279,40.70510918
B3071,3071,1123,-73.94976519,40.70538077
B3071,3071,1124,-73.94976519,40.70538077
B3072,3072,1125,-73.94644578,40.70583339
B3072,3072,1126,-73.94644578,40.70583339
B3073,3073,1127,-73.95441667,40.70691254
B3073,3073,1128,-73.95441667,40.70691254
B3074,3074,1129,-73.94016171,40.70767788
B3074,3074,1130,-73.94016171,40.70767788
B3075,3075,1131,-73.95796783,40.70708701
B3075,3075,1132,-73.95796783,40.70708701
B3076,3076,1133,-73.9448625,40.70870368
B3076,3076,1134,-73.9448625,40.70870368
B3077,3077,1135,-73.95095259,40.70877084
B3077,3077,1136,-73.95095259,40.70877084
B3078,3078,1137,-73.96063149,40.70924826
B3078,3078,1138,-73.96063149,40.70924826
B3080,3080,1139,-73.95608,40.70934
B3080,3080,1140,-73.95608,40.70934
B3081,3081,1141,-73.944024,40.711863
B3081,3081,1142,-73.944024,40.711863
B3082,3082,1143,-73.95141312,40.71167351
B3082,3082,1144,-73.95141312,40.71167351
B3083,3083,1145,-73.94100005,40.71247661
B3083,3083,1146,-73.94100005,40.71247661
B3085,3085,1147,-73.95739,40.71469
B3085,3085,1148,-73.95739,40.71469
B3086,3086,1149,-73.944507,40.715143
B3086,3086,1150,-73.944507,40.715143
B3087,3087,1151,-73.95234386,40.71413311
B3087,3087,1152,-73.95234386,40.71413311
B3088,3088,1153,-73.952029,40.7160751
B3088,3088,1154,-73.952029,40.7160751
B3090,3090,1155,-73.95600096,40.71774592
B3090,3090,1156,-73.95600096,40.71774592
B3091,3091,1157,-73.94882,40.71764
B3091,3091,1158,-73.94882,40.71764
B3092,3092,1159,-73.95852515,40.7190095
B3092,3092,1160,-73.95852515,40.7190095
B3093,3093,1161,-73.95850939,40.71745169
B3093,3093,1162,-73.95850939,40.71745169
B3094,3094,1163,-73.94485918,40.7169811
B3094,3094,1164,-73.94485918,40.7169811
B3095,3095,1165,-73.94500379,40.71929301
B3095,3095,1166,-73.94500379,40.71929301
B3096,3096,1167,-73.95242,40.71924
B3096,3096,1168,-73.95242,40.71924
B3100,3100,1169,-73.94752622,40.72481256
B3100,3100,1170,-73.94752622,40.72481256
B3101,3101,1171,-73.95484712,40.72079821
B3101,3101,1172,-73.95484712,40.72079821
B3102,3102,1173,-73.9504154,40.72179134
B3102,3102,1174,-73.9504154,40.72179134
B3103,3103,1175,-73.95782357,40.72153267
B3103,3103,1176,-73.95782357,40.72153267
B3105,3105,1177,-73.955736,40.724055
B3105,3105,1178,-73.955736,40.724055
B3106,3106,1179,-73.94308,40.72325
B3106,3106,1180,-73.94308,40.72325
B3107,3107,1181,-73.95212324,40.72311651
B3107,3107,1182,-73.95212324,40.72311651
B3108,3108,1183,-73.94434,40.72557
B3108,3108,1184,-73.94434,40.72557
B3109,3109,1185,-73.95621,40.72606
B3109,3109,1186,-73.95621,40.72606
B3110,3110,1187,-73.95299117,40.72708584
B3110,3110,1188,-73.95299117,40.72708584
B3112,3112,1189,-73.95779,40.72906
B3112,3112,1190,-73.95779,40.72906
B3113,3113,1191,-73.95394,40.73026
B3113,3113,1192,-73.95394,40.73026
B3115,3115,1193,-73.9550858,40.73232194
B3115,3115,1194,-73.9550858,40.73232194
B3116,3116,1195,-73.95826,40.73266
B3116,3116,1196,-73.95826,40.73266
B3117,3117,1197,-73.95866,40.73564
B3117,3117,1198,-73.95866,40.73564
B3118,3118,1199,-73.95284,40.73555
B3118,3118,1200,-73.95284,40.73555
B3119,3119,1201,-73.95411749,40.74232744
B3119,3119,1202,-73.95411749,40.74232744
B3120,3120,1203,-73.96044,40.74161
B3120,3120,1204,-73.96044,40.74161
B3121,3121,1205,-73.94733276,40.74524768
B3121,3121,1206,-73.94733276,40.74524768
B3122,3122,1207,-73.95587325,40.74436329
B3122,3122,1208,-73.95587325,40.74436329
B3123,3123,1209,-73.93540375,40.74469738
B3123,3123,1210,-73.93540375,40.74469738
B3124,3124,1211,-73.95451,40.74731
B3124,3124,1212,-73.95451,40.74731
B3125,3125,1213,-73.94977234,40.74708586
B3125,3125,1214,-73.94977234,40.74708586
B3126,3126,1215,-73.9432635,40.74718234
B3126,3126,1216,-73.9432635,40.74718234
B3127,3127,1217,-73.9521,40.74966
B3127,3127,1218,-73.9521,40.74966
B3128,3128,1219,-73.94594845,40.75052534
B3128,3128,1220,-73.94594845,40.75052534
B3129,3129,1221,-73.94073717,40.75110165
B3129,3129,1222,-73.94073717,40.75110165
B3130,3130,1223,-73.94335788,40.75325964
B3130,3130,1224,-73.94335788,40.75325964
B3131,3131,1225,-73.96224618,40.7671284
B3131,3131,1226,-73.96224618,40.7671284
B3132,3132,1227,-73.97109243,40.76350532
B3132,3132,1228,-73.97109243,40.76350532
B3134,3134,1229,-73.96526895,40.76312584
B3134,3134,1230,-73.96526895,40.76312584
B3135,3135,1231,-73.95772297,40.77112927
B3135,3135,1232,-73.95772297,40.77112927
B3136,3136,1233,-73.971518,40.766368
B3136,3136,1234,-73.971518,40.766368
B3137,3137,1235,-73.96685276,40.77282817
B3137,3137,1236,-73.96685276,40.77282817
B3139,3139,1237,-73.96409422,40.77118288
B3139,3139,1238,-73.96409422,40.77118288
B3140,3140,1239,-73.9535166,40.77140426
B3140,3140,1240,-73.9535166,40.77140426
B3141,3141,1241,-73.95818491,40.76500525
B3141,3141,1242,-73.95818491,40.76500525
B3142,3142,1243,-73.96094022,40.7612274
B3142,3142,1244,-73.96094022,40.7612274
B3143,3143,1245,-73.96427393,40.77632142
B3143,3143,1246,-73.96427393,40.77632142
B3144,3144,1247,-73.9590097,40.77677702
B3144,3144,1248,-73.9590097,40.77677702
B3145,3145,1249,-73.95772073,40.77862688
B3145,3145,1250,-73.95772073,40.77862688
B3146,3146,1251,-73.9567526,40.77573034
B3146,3146,1252,-73.9567526,40.77573034
B3147,3147,1253,-73.95407149,40.77801203
B3147,3147,1254,-73.95407149,40.77801203
B3148,3148,1255,-73.95068615,40.77565541
B3148,3148,1256,-73.95068615,40.77565541
B3150,3150,1257,-73.94803392,40.77536905
B3150,3150,1258,-73.94803392,40.77536905
B3151,3151,1259,-73.94989233,40.7728384
B3151,3151,1260,-73.94989233,40.7728384
B3152,3152,1261,-73.96119945,40.76873687
B3152,3152,1262,-73.96119945,40.76873687
B3153,3153,1263,-73.95910263,40.76817547
B3153,3153,1264,-73.95910263,40.76817547
B3154,3154,1265,-73.95856158,40.77314236
B3154,3154,1266,-73.95856158,40.77314236
B3155,3155,1267,-73.96648977,40.76440023
B3155,3155,1268,-73.96648977,40.76440023
B3156,3156,1269,-73.95348296,40.76663814
B3156,3156,1270,-73.95348296,40.76663814
B3157,3157,1271,-73.94446054,40.77518615
B3157,3157,1272,-73.94446054,40.77518615
B3158,3158,1273,-73.98261428,40.77163851
B3158,3158,1274,-73.98261428,40.77163851
B3159,3159,1275,-73.98266566,40.77492513
B3159,3159,1276,-73.98266566,40.77492513
B3160,3160,1277,-73.97374737,40.77896784
B3160,3160,1278,-73.97374737,40.77896784
B3161,3161,1279,-73.97728533,40.78018397
B3161,3161,1280,-73.97728533,40.78018397
B3162,3162,1281,-73.98093133,40.78339981
B3162,3162,1282,-73.98093133,40.78339981
B3163,3163,1283,-73.97782542,40.7734066
B3163,3163,1284,-73.97782542,40.7734066
B3164,3164,1285,-73.97898475,40.7770575
B3164,3164,1286,-73.97898475,40.7770575
B3165,3165,1287,-73.97620574,40.77579377
B3165,3165,1288,-73.97620574,40.77579377
B3166,3166,1289,-73.98562431,40.78057799
B3166,3166,1290,-73.98562431,40.78057799
B3167,3167,1291,-73.98093045,40.77966809
B3167,3167,1292,-73.98093045,40.77966809
B3168,3168,1293,-73.96961715,40.78472675
B3168,3168,1294,-73.96961715,40.78472675
B3169,3169,1295,-73.98128127,40.78720869
B3169,3169,1296,-73.98128127,40.78720869
B3170,3170,1297,-73.97283406,40.78499979
B3170,3170,1298,-73.97283406,40.78499979
B3171,3171,1299,-73.97667321,40.78524672
B3171,3171,1300,-73.97667321,40.78524672
B3172,3172,1301,-73.97754961,40.7785669
B3172,3172,1302,-73.97754961,40.7785669
B3173,3173,1303,-73.98888588,40.77750703
B3173,3173,1304,-73.98888588,40.77750703
B3175,3175,1305,-73.98288594,40.77748046
B3175,3175,1306,-73.98288594,40.77748046
B3176,3176,1307,-73.98753759,40.77452835
B3176,3176,1308,-73.98753759,40.77452835
B3177,3177,1309,-73.977112,40.7867947
B3177,3177,1310,-73.977112,40.7867947
B3178,3178,1311,-73.98362492,40.78414472
B3178,3178,1312,-73.98362492,40.78414472
B3179,3179,1313,-73.941342,40.698617
B3179,3179,1314,-73.941342,40.698617
B3180,3180,1315,-73.99712,40.69878
B3180,3180,1316,-73.99712,40.69878
B3182,3182,1317,-74.016966,40.686931
B3182,3182,1318,-74.016966,40.686931
B3183,3183,1319,-74.0334588,40.7162469
B3183,3183,1320,-74.0334588,40.7162469
B3184,3184,1321,-74.0335519,40.7141454
B3184,3184,1322,-74.0335519,40.7141454
B3185,3185,1323,-74.043845,40.7177325
B3185,3185,1324,-74.043845,40.7177325
B3186,3186,1325,-74.04311746,40.71958612
B3186,3186,1326,-74.04311746,40.71958612
B3187,3187,1327,-74.03805095,40.7211236
B3187,3187,1328,-74.03805095,40.7211236
B3191,3191,1329,-74.0836394,40.7182113
B3191,3191,1330,-74.0836394,40.7182113
B3192,3192,1331,-74.0557013,40.7112423
B3192,3192,1332,-74.0557013,40.7112423
B3195,3195,1333,-74.06378388,40.73074263
B3195,3195,1334,-74.06378388,40.73074263
B3196,3196,1335,-74.0439909,40.7443187
B3196,3196,1336,-74.0439909,40.7443187
B3198,3198,1337,-74.0404433,40.74871595
B3198,3198,1338,-74.0404433,40.74871595
B3199,3199,1339,-74.0321082,40.7287448
B3199,3199,1340,-74.0321082,40.7287448
B3202,3202,1341,-74.0337589,40.7272235
B3202,3202,1342,-74.0337589,40.7272235
B3203,3203,1343,-74.04424731,40.72759597
B3203,3203,1344,-74.04424731,40.72759597
B3213,3213,1345,-74.04772663,40.71848892
B3213,3213,1346,-74.04772663,40.71848892
B3214,3214,1347,-74.0364857,40.7127742
B3214,3214,1348,-74.0364857,40.7127742
B3221,3221,1349,-73.93561,40.743
B3221,3221,1350,-73.93561,40.743
B3223,3223,1351,-73.96865398,40.75899656
B3223,3223,1352,-73.96865398,40.75899656
B3224,3224,1353,-74.00513873,40.73997354
B3224,3224,1354,-74.00513873,40.73997354
B3226,3226,1355,-73.97137,40.78275
B3226,3226,1356,-73.97137,40.78275
B3231,3231,1357,-73.96592081,40.7678008
B3231,3231,1358,-73.96592081,40.7678008
B3232,3232,1359,-73.98304269,40.68962189
B3232,3232,1360,-73.98304269,40.68962189
B3233,3233,1361,-73.97805914,40.75724568
B3233,3233,1362,-73.97805914,40.75724568
B3235,3235,1363,-73.97992194,40.75216528
B3235,3235,1364,-73.97992194,40.75216528
B3236,3236,1365,-73.99379969,40.75898481
B3236,3236,1366,-73.99379969,40.75898481
B3238,3238,1367,-73.95439535,40.7739139
B3238,3238,1368,-73.95439535,40.7739139
B3239,3239,1369,-74.01658773,40.64653837
B3239,3239,1370,-74.01658773,40.64653837
B3240,3240,1371,-73.9938587,40.75903008
B3240,3240,1372,-73.9938587,40.75903008
B3241,3241,1373,-73.944694,40.686203
B3241,3241,1374,-73.944694,40.686203
B3242,3242,1375,-73.99183363,40.69102926
B3242,3242,1376,-73.99183363,40.69102926
B3243,3243,1377,-73.96226227,40.75892386
B3243,3243,1378,-73.96226227,40.75892386
B3244,3244,1379,-73.99490342,40.73143724
B3244,3244,1380,-73.99490342,40.73143724
B3245,3245,1381,-73.98233056,40.71644423
B3245,3245,1382,-73.98233056,40.71644423
B3249,3249,1383,-73.9476791,40.68035608
B3249,3249,1384,-73.9476791,40.68035608
B3250,3250,1385,-73.98383796,40.71690978
B3250,3250,1386,-73.98383796,40.71690978
B3254,3254,1387,-74.01486576,40.69231661
B3254,3254,1388,-74.01486576,40.69231661
B3255,3255,1389,-73.99468482,40.75058535
B3255,3255,1390,-73.99468482,40.75058535
B3256,3256,1391,-74.01129574,40.72771408
B3256,3256,1392,-74.01129574,40.72771408
B3258,3258,1393,-74.00218427,40.75018156
B3258,3258,1394,-74.00218427,40.75018156
B3259,3259,1395,-73.99923384,40.74937024
B3259,3259,1396,-73.99923384,40.74937024
B3260,3260,1397,-73.99662137,40.72706363
B3260,3260,1398,-73.99662137,40.72706363
B3263,3263,1399,-73.9907527,40.72951496
B3263,3263,1400,-73.9907527,40.72951496
B3267,3267,1401,-74.03852552,40.71241882
B3267,3267,1402,-74.03852552,40.71241882
B3268,3268,1403,-74.06285852,40.71346383
B3268,3268,1404,-74.06285852,40.71346383
B3270,3270,1405,-74.04557168,40.72528911
B3270,3270,1406,-74.04557168,40.72528911
B3275,3275,1407,-74.03891444,40.7183552
B3275,3275,1408,-74.03891444,40.7183552
B3276,3276,1409,-74.04281706,40.71458404
B3276,3276,1410,-74.04281706,40.71458404
B3277,3277,1411,-74.06661093,40.71435837
B3277,3277,1412,-74.06661093,40.71435837
B3279,3279,1413,-74.04996783,40.72163014
B3279,3279,1414,-74.04996783,40.72163014
B3282,3282,1415,-73.95939,40.78307
B3282,3282,1416,-73.95939,40.78307
B3283,3283,1417,-73.97041561,40.7882213
B3283,3283,1418,-73.97041561,40.7882213
B3284,3284,1419,-73.95595908,40.7814107
B3284,3284,1420,-73.95595908,40.7814107
B3285,3285,1421,-73.9747,40.78839
B3285,3285,1422,-73.9747,40.78839
B3286,3286,1423,-73.9521667,40.7806284
B3286,3286,1424,-73.9521667,40.7806284
B3288,3288,1425,-73.9488134,40.778301
B3288,3288,1426,-73.9488134,40.778301
B3289,3289,1427,-73.97288918,40.79017948
B3289,3289,1428,-73.97288918,40.79017948
B3290,3290,1429,-73.946041,40.7779453
B3290,3290,1430,-73.946041,40.7779453
B3292,3292,1431,-73.957481,40.7857851
B3292,3292,1432,-73.957481,40.7857851
B3293,3293,1433,-73.9739,40.7921
B3293,3293,1434,-73.9739,40.7921
B3294,3294,1435,-73.955327,40.7835016
B3294,3294,1436,-73.955327,40.7835016
B3295,3295,1437,-73.964839,40.79127
B3295,3295,1438,-73.964839,40.79127
B3296,3296,1439,-73.94891962,40.78245418
B3296,3296,1440,-73.94891962,40.78245418
B3297,3297,1441,-73.97988067,40.6686627
B3297,3297,1442,-73.97988067,40.6686627
B3298,3298,1443,-73.99383324,40.686371
B3298,3298,1444,-73.99383324,40.686371
B3299,3299,1445,-73.95206,40.78813
B3299,3299,1446,-73.95206,40.78813
B3300,3300,1447,-73.97637606,40.66514682
B3300,3300,1448,-73.97637606,40.66514682
B3301,3301,1449,-73.968087,40.7919557
B3301,3301,1450,-73.968087,40.7919557
B3302,3302,1451,-73.96434123,40.7969347
B3302,3302,1452,-73.96434123,40.7969347
B3303,3303,1453,-73.99440329,40.6849894
B3303,3303,1454,-73.99440329,40.6849894
B3304,3304,1455,-73.98377641,40.668127
B3304,3304,1456,-73.98377641,40.668127
B3305,3305,1457,-73.94965589,40.7811223
B3305,3305,1458,-73.94965589,40.7811223
B3306,3306,1459,-73.98199886,40.6662078
B3306,3306,1460,-73.98199886,40.6662078
B3307,3307,1461,-73.974124,40.7941654
B3307,3307,1462,-73.974124,40.7941654
B3308,3308,1463,-73.99645295,40.6861758
B3308,3308,1464,-73.99645295,40.6861758
B3309,3309,1465,-73.94860294,40.7859201
B3309,3309,1466,-73.94860294,40.7859201
B3310,3310,1467,-73.98396846,40.663779
B3310,3310,1468,-73.98396846,40.663779
B3311,3311,1469,-74.0016256,40.68763155
B3311,3311,1470,-74.0016256,40.68763155
B3312,3312,1471,-73.94594,40.7817212
B3312,3312,1472,-73.94594,40.7817212
B3313,3313,1473,-73.9854617,40.6663181
B3313,3313,1474,-73.9854617,40.6663181
B3314,3314,1475,-73.971888,40.7937704
B3314,3314,1476,-73.971888,40.7937704
B3315,3315,1477,-73.99917254,40.6847514
B3315,3315,1478,-73.99917254,40.6847514
B3316,3316,1479,-73.96621738,40.7989937
B3316,3316,1480,-73.96621738,40.7989937
B3317,3317,1481,-73.98700053,40.6686273
B3317,3317,1482,-73.98700053,40.6686273
B3318,3318,1483,-73.9471673,40.7839636
B3318,3318,1484,-73.9471673,40.7839636
B3319,3319,1485,-73.98895053,40.666287
B3319,3319,1486,-73.98895053,40.666287
B3320,3320,1487,-73.96286845,40.79406661
B3320,3320,1488,-73.96286845,40.79406661
B3321,3321,1489,-73.99785267,40.6831164
B3321,3321,1490,-73.99785267,40.6831164
B3322,3322,1491,-73.9904394,40.668603
B3322,3322,1492,-73.9904394,40.668603
B3323,3323,1493,-73.9605909,40.7981856
B3323,3323,1494,-73.9605909,40.7981856
B3324,3324,1495,-73.99333264,40.6685455
B3324,3324,1496,-73.99333264,40.6685455
B3325,3325,1497,-73.950503,40.7849032
B3325,3325,1498,-73.950503,40.7849032
B3326,3326,1499,-74.00194698,40.67434
B3326,3326,1500,-74.00194698,40.67434
B3327,3327,1501,-73.94728331,40.7877214
B3327,3327,1502,-73.94728331,40.7877214
B3328,3328,1503,-73.9645,40.795
B3328,3328,1504,-73.9645,40.795
B3329,3329,1505,-73.99318208,40.6829151
B3329,3329,1506,-73.99318208,40.6829151
B3330,3330,1507,-74.00494695,40.6725058
B3330,3330,1508,-74.00494695,40.6725058
B3331,3331,1509,-73.97114574,40.8013434
B3331,3331,1510,-73.97114574,40.8013434
B3332,3332,1511,-73.99079025,40.68199044
B3332,3332,1512,-73.99079025,40.68199044
B3333,3333,1513,-74.0075572,40.6747055
B3333,3333,1514,-74.0075572,40.6747055
B3335,3335,1515,-73.98282002,40.6772744
B3335,3335,1516,-73.98282002,40.6772744
B3336,3336,1517,-73.953559,40.787801
B3336,3336,1518,-73.953559,40.787801
B3337,3337,1519,-74.01195556,40.67363551
B3337,3337,1520,-74.01195556,40.67363551
B3338,3338,1521,-73.94552579,40.7862586
B3338,3338,1522,-73.94552579,40.7862586
B3339,3339,1523,-73.97846879,40.6765304
B3339,3339,1524,-73.97846879,40.6765304
B3340,3340,1525,-74.0100698,40.6753274
B3340,3340,1526,-74.0100698,40.6753274
B3341,3341,1527,-73.96186,40.795346
B3341,3341,1528,-73.96186,40.795346
B3342,3342,1529,-74.0094613,40.6777748
B3342,3342,1530,-74.0094613,40.6777748
B3343,3343,1531,-73.96211287,40.7997568
B3343,3343,1532,-73.96211287,40.7997568
B3344,3344,1533,-74.011169,40.679043
B3344,3344,1534,-74.011169,40.679043
B3345,3345,1535,-73.95242929,40.78948542
B3345,3345,1536,-73.95242929,40.78948542
B3346,3346,1537,-73.97523209,40.67514684
B3346,3346,1538,-73.97523209,40.67514684
B3347,3347,1539,-74.01275056,40.6773429
B3347,3347,1540,-74.01275056,40.6773429
B3348,3348,1541,-74.015665,40.677236
B3348,3348,1542,-74.015665,40.677236
B3349,3349,1543,-73.97087984,40.6729679
B3349,3349,1544,-73.97087984,40.6729679
B3350,3350,1545,-73.97041192,40.7973721
B3350,3350,1546,-73.97041192,40.7973721
B3351,3351,1547,-73.94164802,40.7869946
B3351,3351,1548,-73.94164802,40.7869946
B3352,3352,1549,-74.00879525,40.67267243
B3352,3352,1550,-74.00879525,40.67267243
B3354,3354,1551,-73.97363831,40.668132
B3354,3354,1552,-73.97363831,40.668132
B3355,3355,1553,-73.96845281,40.76800889
B3355,3355,1554,-73.96845281,40.76800889
B3356,3356,1555,-73.98470567,40.7746671
B3356,3356,1556,-73.98470567,40.7746671
B3357,3357,1557,-73.96644925,40.8008363
B3357,3357,1558,-73.96644925,40.8008363
B3358,3358,1559,-73.97484126,40.6711978
B3358,3358,1560,-73.97484126,40.6711978
B3359,3359,1561,-73.96703464,40.7691572
B3359,3359,1562,-73.96703464,40.7691572
B3360,3360,1563,-73.9786517,40.7829391
B3360,3360,1564,-73.9786517,40.7829391
B3361,3361,1565,-73.9787282,40.6740886
B3361,3361,1566,-73.9787282,40.6740886
B3362,3362,1567,-73.96069399,40.7781314
B3362,3362,1568,-73.96069399,40.7781314
B3363,3363,1569,-73.95033068,40.7904828
B3363,3363,1570,-73.95033068,40.7904828
B3364,3364,1571,-73.9814832,40.6751622
B3364,3364,1572,-73.9814832,40.6751622
B3365,3365,1573,-73.97839676,40.6703837
B3365,3365,1574,-73.97839676,40.6703837
B3366,3366,1575,-73.96818053,40.8021174
B3366,3366,1576,-73.96818053,40.8021174
B3367,3367,1577,-73.95249933,40.7922553
B3367,3367,1578,-73.95249933,40.7922553
B3368,3368,1579,-73.98352355,40.6728155
B3368,3368,1580,-73.98352355,40.6728155
B3369,3369,1581,-73.9468208,40.7724607
B3369,3369,1582,-73.9468208,40.7724607
B3370,3370,1583,-73.95577801,40.7727966
B3370,3370,1584,-73.95577801,40.7727966
B3371,3371,1585,-73.98501143,40.67461342
B3371,3371,1586,-73.98501143,40.67461342
B3372,3372,1587,-73.95482273,40.7689738
B3372,3372,1588,-73.95482273,40.7689738
B3373,3373,1589,-73.98775226,40.6750705
B3373,3373,1590,-73.98775226,40.6750705
B3374,3374,1591,-73.955613,40.799484
B3374,3374,1592,-73.955613,40.799484
B3375,3375,1593,-73.96060712,40.7699426
B3375,3375,1594,-73.96060712,40.7699426
B3376,3376,1595,-73.9622207,40.76471852
B3376,3376,1596,-73.9622207,40.76471852
B3377,3377,1597,-73.99037292,40.6786115
B3377,3377,1598,-73.99037292,40.6786115
B3378,3378,1599,-73.96222088,40.773763
B3378,3378,1600,-73.96222088,40.773763
B3379,3379,1601,-73.94755757,40.7903051
B3379,3379,1602,-73.94755757,40.7903051
B3381,3381,1603,-73.99364123,40.6777287
B3381,3381,1604,-73.99364123,40.6777287
B3382,3382,1605,-73.99475825,40.680611
B3382,3382,1606,-73.99475825,40.680611
B3383,3383,1607,-73.96699104,40.804213
B3383,3383,1608,-73.96699104,40.804213
B3384,3384,1609,-73.99599099,40.6787242
B3384,3384,1610,-73.99599099,40.6787242
B3386,3386,1611,-73.99905709,40.6809591
B3386,3386,1612,-73.99905709,40.6809591
B3387,3387,1613,-73.94945003,40.7934337
B3387,3387,1614,-73.94945003,40.7934337
B3388,3388,1615,-73.99990419,40.6828003
B3388,3388,1616,-73.99990419,40.6828003
B3389,3389,1617,-74.00348559,40.6830456
B3389,3389,1618,-74.00348559,40.6830456
B3390,3390,1619,-73.9432083,40.79329668
B3390,3390,1620,-73.9432083,40.79329668
B3391,3391,1621,-73.93956237,40.7892529
B3391,3391,1622,-73.93956237,40.7892529
B3392,3392,1623,-74.00860912,40.6812117
B3392,3392,1624,-74.00860912,40.6812117
B3393,3393,1625,-74.00785041,40.6794327
B3393,3393,1626,-74.00785041,40.6794327
B3394,3394,1627,-74.00647134,40.6769993
B3394,3394,1628,-74.00647134,40.6769993
B3395,3395,1629,-74.00324957,40.6763744
B3395,3395,1630,-74.00324957,40.6763744
B3396,3396,1631,-74.00014502,40.6783563
B3396,3396,1632,-74.00014502,40.6783563
B3397,3397,1633,-73.99869893,40.6763947
B3397,3397,1634,-73.99869893,40.6763947
B3398,3398,1635,-73.99785768,40.6746957
B3398,3398,1636,-73.99785768,40.6746957
B3399,3399,1637,-73.98983002,40.67260298
B3399,3399,1638,-73.98983002,40.67260298
B3400,3400,1639,-73.94782145,40.7961535
B3400,3400,1640,-73.94782145,40.7961535
B3401,3401,1641,-73.99331394,40.6724811
B3401,3401,1642,-73.99331394,40.6724811
B3402,3402,1643,-73.99203074,40.6902375
B3402,3402,1644,-73.99203074,40.6902375
B3403,3403,1645,-73.98876585,40.6705135
B3403,3403,1646,-73.98876585,40.6705135
B3404,3404,1647,-73.98541675,40.6704922
B3404,3404,1648,-73.98541675,40.6704922
B3405,3405,1649,-73.98208968,40.6704836
B3405,3405,1650,-73.98208968,40.6704836
B3407,3407,1651,-73.98765475,40.679098
B3407,3407,1652,-73.98765475,40.679098
B3408,3408,1653,-73.99520919,40.6881529
B3408,3408,1654,-73.99520919,40.6881529
B3409,3409,1655,-73.99063168,40.6867443
B3409,3409,1656,-73.99063168,40.6867443
B3410,3410,1657,-73.98759104,40.6864442
B3410,3410,1658,-73.98759104,40.6864442
B3411,3411,1659,-73.98620772,40.6849668
B3411,3411,1660,-73.98620772,40.6849668
B3412,3412,1661,-73.98302136,40.6853761
B3412,3412,1662,-73.98302136,40.6853761
B3413,3413,1663,-73.98258555,40.6827549
B3413,3413,1664,-73.98258555,40.6827549
B3414,3414,1665,-73.97567332,40.68094472
B3414,3414,1666,-73.97567332,40.68094472
B3415,3415,1667,-73.97519523,40.6793307
B3415,3415,1668,-73.97519523,40.6793307
B3417,3417,1669,-73.97854971,40.6795766
B3417,3417,1670,-73.97854971,40.6795766
B3418,3418,1671,-73.97111473,40.6750207
B3418,3418,1672,-73.97111473,40.6750207
B3419,3419,1673,-73.98154004,40.6792788
B3419,3419,1674,-73.98154004,40.6792788
B3420,3420,1675,-73.98432695,40.6802133
B3420,3420,1676,-73.98432695,40.6802133
B3421,3421,1677,-73.98901629,40.6843549
B3421,3421,1678,-73.98901629,40.6843549
B3422,3422,1679,-74.00242364,40.6859296
B3422,3422,1680,-74.00242364,40.6859296
B3423,3423,1681,-73.97945255,40.66106337
B3423,3423,1682,-73.97945255,40.66106337
B3424,3424,1683,-73.945993,40.791976
B3424,3424,1684,-73.945993,40.791976
B3425,3425,1685,-73.94370784,40.7892105
B3425,3425,1686,-73.94370784,40.7892105
B3426,3426,1687,-74.06860113,40.70965083
B3426,3426,1688,-74.06860113,40.70965083
B3427,3427,1689,-73.99600983,40.72430527
B3427,3427,1690,-73.99600983,40.72430527
B3428,3428,1691,-74.001702,40.740983
B3428,3428,1692,-74.001702,40.740983
B3429,3429,1693,-73.9779076,40.68506807
B3429,3429,1694,-73.9779076,40.68506807
B3430,3430,1695,-73.9422369,40.71907891
B3430,3430,1696,-73.9422369,40.71907891
B3431,3431,1697,-73.977885,40.746524
B3431,3431,1698,-73.977885,40.746524
B3432,3432,1699,-73.99463654,40.66906014
B3432,3432,1700,-73.99463654,40.66906014
B3434,3434,1701,-73.9771834,40.79025417
B3434,3434,1702,-73.9771834,40.79025417
B3435,3435,1703,-73.99596,40.718822
B3435,3435,1704,-73.99596,40.718822
B3437,3437,1705,-73.97700369,40.79313481
B3437,3437,1706,-73.97700369,40.79313481
B3438,3438,1707,-73.95842135,40.77224854
B3438,3438,1708,-73.95842135,40.77224854
B3440,3440,1709,-73.98949474,40.69241829
B3440,3440,1710,-73.98949474,40.69241829
B3441,3441,1711,-74.00264,40.752957
B3441,3441,1712,-74.00264,40.752957
B3443,3443,1713,-73.97982001,40.76132983
B3443,3443,1714,-73.97982001,40.76132983
B3447,3447,1715,-73.9562273,40.76703432
B3447,3447,1716,-73.9562273,40.76703432
B3449,3449,1717,-73.94800901,40.72146256
B3449,3449,1718,-73.94800901,40.72146256
B3452,3452,1719,-73.94885391,40.71915572
B3452,3452,1720,-73.94885391,40.71915572
B3453,3453,1721,-73.94910336,40.71335226
B3453,3453,1722,-73.94910336,40.71335226
B3454,3454,1723,-73.94705951,40.71036854
B3454,3454,1724,-73.94705951,40.71036854
B3455,3455,1725,-73.98036182,40.68680821
B3455,3455,1726,-73.98036182,40.68680821
B3456,3456,1727,-73.94821286,40.71638032
B3456,3456,1728,-73.94821286,40.71638032
B3457,3457,1729,-73.97209525,40.76302594
B3457,3457,1730,-73.97209525,40.76302594
B3458,3458,1731,-73.97835016,40.76309387
B3458,3458,1732,-73.97835016,40.76309387
B3459,3459,1733,-73.96930575,40.75763228
B3459,3459,1734,-73.96930575,40.75763228
B3461,3461,1735,-74.01122332,40.71485151
B3461,3461,1736,-74.01122332,40.71485151
B3462,3462,1737,-73.97138715,40.75118387
B3462,3462,1738,-73.97138715,40.75118387
B3463,3463,1739,-73.98797393,40.73536706
B3463,3463,1740,-73.98797393,40.73536706
B3466,3466,1741,-73.98257732,40.75668721
B3466,3466,1742,-73.98257732,40.75668721
B3467,3467,1743,-74.00165856,40.72494672
B3467,3467,1744,-74.00165856,40.72494672
B3468,3468,1745,-73.9747502,40.7303801
B3468,3468,1746,-73.9747502,40.7303801
B3469,3469,1747,-73.95995021,40.73181402
B3469,3469,1748,-73.95995021,40.73181402
B3472,3472,1749,-74.00747359,40.74275383
B3472,3472,1750,-74.00747359,40.74275383
B3474,3474,1751,-74.00412083,40.7252557
B3474,3474,1752,-74.00412083,40.7252557
B3477,3477,1753,-74.01062787,40.65539977
B3477,3477,1754,-74.01062787,40.65539977
B3478,3478,1755,-74.00870204,40.65708867
B3478,3478,1756,-74.00870204,40.65708867
B3479,3479,1757,-74.02535319,40.6851256
B3479,3479,1758,-74.02535319,40.6851256
B3481,3481,1759,-74.04105,40.71649
B3481,3481,1760,-74.04105,40.71649
B3485,3485,1761,-73.974724,40.725208
B3485,3485,1762,-73.974724,40.725208
B3486,3486,1763,-73.98451656,40.68841743
B3486,3486,1764,-73.98451656,40.68841743
B3487,3487,1765,-74.00849283,40.65659567
B3487,3487,1766,-74.00849283,40.65659567
B3488,3488,1767,-73.56946349,45.50636405
B3488,3488,1768,-73.56946349,45.50636405
B3489,3489,1769,-74.00354147,40.71069995
B3489,3489,1770,-74.00354147,40.71069995
B3490,3490,1771,-73.937261,40.796879
B3490,3490,1772,-73.937261,40.796879
B3491,3491,1773,-73.93504,40.79747
B3491,3491,1774,-73.93504,40.79747
B3492,3492,1775,-73.9419949,40.8005385
B3492,3492,1776,-73.9419949,40.8005385
B3493,3493,1777,-73.9389152,40.799139
B3493,3493,1778,-73.9389152,40.799139
B3494,3494,1779,-73.9423,40.797911
B3494,3494,1780,-73.9423,40.797911
B3495,3495,1781,-73.9362541,40.7945663
B3495,3495,1782,-73.9362541,40.7945663
B3496,3496,1783,-73.9383,40.7923272
B3496,3496,1784,-73.9383,40.7923272
B3497,3497,1785,-73.9333349,40.7949879
B3497,3497,1786,-73.9333349,40.7949879
B3498,3498,1787,-73.9311847,40.7974772
B3498,3498,1788,-73.9311847,40.7974772
B3499,3499,1789,-73.9349,40.8006721
B3499,3499,1790,-73.9349,40.8006721
B3500,3500,1791,-73.944846,40.7989445
B3500,3500,1792,-73.944846,40.7989445
B3501,3501,1793,-73.9442507,40.8014866
B3501,3501,1794,-73.9442507,40.8014866
B3502,3502,1795,-73.9441232,40.7954121
B3502,3502,1796,-73.9441232,40.7954121
B3503,3503,1797,-73.942954,40.80295
B3503,3503,1798,-73.942954,40.80295
B3504,3504,1799,-73.9379,40.8029263
B3504,3504,1800,-73.9379,40.8029263
B3505,3505,1801,-73.936322,40.805726
B3505,3505,1802,-73.936322,40.805726
B3506,3506,1803,-73.9398167,40.8013066
B3506,3506,1804,-73.9398167,40.8013066
B3507,3507,1805,-73.9396861,40.8045555
B3507,3507,1806,-73.9396861,40.8045555
B3508,3508,1807,-73.953149,40.809725
B3508,3508,1808,-73.953149,40.809725
B3509,3509,1809,-73.9500739,40.8011939
B3509,3509,1810,-73.9500739,40.8011939
B3510,3510,1811,-73.949373,40.8078316
B3510,3510,1812,-73.949373,40.8078316
B3511,3511,1813,-73.9532423,40.802535
B3511,3511,1814,-73.9532423,40.802535
B3512,3512,1815,-73.9337894,40.7747175
B3512,3512,1816,-73.9337894,40.7747175
B3513,3513,1817,-73.923706,40.774645
B3513,3513,1818,-73.923706,40.774645
B3514,3514,1819,-73.927631,40.7767
B3514,3514,1820,-73.927631,40.7767
B3515,3515,1821,-73.918544,40.774591
B3515,3515,1822,-73.918544,40.774591
B3516,3516,1823,-73.9184057,40.7699176
B3516,3516,1824,-73.9184057,40.7699176
B3517,3517,1825,-73.9170074,40.7711528
B3517,3517,1826,-73.9170074,40.7711528
B3518,3518,1827,-73.9452087,40.808442
B3518,3518,1828,-73.9452087,40.808442
B3520,3520,1829,-73.951475,40.804372
B3520,3520,1830,-73.951475,40.804372
B3521,3521,1831,-73.9523,40.7987859
B3521,3521,1832,-73.9523,40.7987859
B3522,3522,1833,-73.9120938,40.7701477
B3522,3522,1834,-73.9120938,40.7701477
B3523,3523,1835,-73.916142,40.7729
B3523,3523,1836,-73.916142,40.7729
B3524,3524,1837,-73.9225403,40.7774552
B3524,3524,1838,-73.9225403,40.7774552
B3525,3525,1839,-73.9153175,40.776165
B3525,3525,1840,-73.9153175,40.776165
B3526,3526,1841,-73.9125551,40.7747878
B3526,3526,1842,-73.9125551,40.7747878
B3527,3527,1843,-73.941747,40.80698
B3527,3527,1844,-73.941747,40.80698
B3528,3528,1845,-73.9077436,40.7713937
B3528,3528,1846,-73.9077436,40.7713937
B3529,3529,1847,-73.9430681,40.8107922
B3529,3529,1848,-73.9430681,40.8107922
B3530,3530,1849,-73.9145645,40.7787185
B3530,3530,1850,-73.9145645,40.7787185
B3531,3531,1851,-73.9492286,40.8125511
B3531,3531,1852,-73.9492286,40.8125511
B3532,3532,1853,-73.9183302,40.78145
B3532,3532,1854,-73.9183302,40.78145
B3533,3533,1855,-73.9518776,40.8114323
B3533,3533,1856,-73.9518776,40.8114323
B3534,3534,1857,-73.954692,40.805159
B3534,3534,1858,-73.954692,40.805159
B3535,3535,1859,-73.945925,40.804038
B3535,3535,1860,-73.945925,40.804038
B3536,3536,1861,-73.9641,40.8082
B3536,3536,1862,-73.9641,40.8082
B3537,3537,1863,-73.9710097,40.6809741
B3537,3537,1864,-73.9710097,40.6809741
B3538,3538,1865,-73.96295,40.802692
B3538,3538,1866,-73.96295,40.802692
B3539,3539,1867,-73.9607082,40.8067581
B3539,3539,1868,-73.9607082,40.8067581
B3540,3540,1869,-73.9551508,40.81
B3540,3540,1870,-73.9551508,40.81
B3541,3541,1871,-73.956461,40.813358
B3541,3541,1872,-73.956461,40.813358
B3542,3542,1873,-73.9596214,40.8086249
B3542,3542,1874,-73.9596214,40.8086249
B3543,3543,1875,-73.95736456,40.81028506
B3543,3543,1876,-73.95736456,40.81028506
B3544,3544,1877,-73.9646795,40.6804836
B3544,3544,1878,-73.9646795,40.6804836
B3545,3545,1879,-73.9612547,40.8120562
B3545,3545,1880,-73.9612547,40.8120562
B3546,3546,1881,-73.9587903,40.6791944
B3546,3546,1882,-73.9587903,40.6791944
B3547,3547,1883,-73.9590255,40.8143256
B3547,3547,1884,-73.9590255,40.8143256
B3549,3549,1885,-73.962408,40.678045
B3549,3549,1886,-73.962408,40.678045
B3551,3551,1887,-73.941606,40.795508
B3551,3551,1888,-73.941606,40.795508
B3552,3552,1889,-73.964928,40.805973
B3552,3552,1890,-73.964928,40.805973
B3553,3553,1891,-73.957145,40.801694
B3553,3553,1892,-73.957145,40.801694
B3554,3554,1893,-73.9485678,40.7552433
B3554,3554,1894,-73.9485678,40.7552433
B3555,3555,1895,-73.93797,40.751047
B3555,3555,1896,-73.93797,40.751047
B3556,3556,1897,-73.9397405,40.7527085
B3556,3556,1898,-73.9397405,40.7527085
B3557,3557,1899,-73.945133,40.75742
B3557,3557,1900,-73.945133,40.75742
B3558,3558,1901,-73.9680438,40.6794388
B3558,3558,1902,-73.9680438,40.6794388
B3559,3559,1903,-73.9391224,40.7576314
B3559,3559,1904,-73.9391224,40.7576314
B3560,3560,1905,-73.934326,40.754876
B3560,3560,1906,-73.934326,40.754876
B3561,3561,1907,-73.9279917,40.7531106
B3561,3561,1908,-73.9279917,40.7531106
B3562,3562,1909,-73.9596082,40.6765198
B3562,3562,1910,-73.9596082,40.6765198
B3563,3563,1911,-73.932719,40.757186
B3563,3563,1912,-73.932719,40.757186
B3564,3564,1913,-73.9362726,40.7601853
B3564,3564,1914,-73.9362726,40.7601853
B3565,3565,1915,-73.9411265,40.7614376
B3565,3565,1916,-73.9411265,40.7614376
B3566,3566,1917,-73.9321455,40.7596276
B3566,3566,1918,-73.9321455,40.7596276
B3567,3567,1919,-73.9391141,40.7627442
B3567,3567,1920,-73.9391141,40.7627442
B3568,3568,1921,-73.9262231,40.7569332
B3568,3568,1922,-73.9262231,40.7569332
B3569,3569,1923,-73.9561677,40.6758324
B3569,3569,1924,-73.9561677,40.6758324
B3570,3570,1925,-73.9236611,40.7557327
B3570,3570,1926,-73.9236611,40.7557327
B3571,3571,1927,-73.952918,40.676368
B3571,3571,1928,-73.952918,40.676368
B3572,3572,1929,-73.921631,40.756913
B3572,3572,1930,-73.921631,40.756913
B3573,3573,1931,-73.9242751,40.7580583
B3573,3573,1932,-73.9242751,40.7580583
B3574,3574,1933,-73.96579,40.6769694
B3574,3574,1934,-73.96579,40.6769694
B3575,3575,1935,-73.930562,40.76108
B3575,3575,1936,-73.930562,40.76108
B3576,3576,1937,-73.969024,40.6767
B3576,3576,1938,-73.969024,40.6767
B3577,3577,1939,-73.9342862,40.7628138
B3577,3577,1940,-73.9342862,40.7628138
B3578,3578,1941,-73.9564947,40.6741806
B3578,3578,1942,-73.9564947,40.6741806
B3579,3579,1943,-73.954131,40.672695
B3579,3579,1944,-73.954131,40.672695
B3580,3580,1945,-73.9631611,40.6737236
B3580,3580,1946,-73.9631611,40.6737236
B3581,3581,1947,-73.9671457,40.6740123
B3581,3581,1948,-73.9671457,40.6740123
B3582,3582,1949,-73.9609,40.6721683
B3582,3582,1950,-73.9609,40.6721683
B3583,3583,1951,-73.9631145,40.6716493
B3583,3583,1952,-73.9631145,40.6716493
B3584,3584,1953,-73.9576801,40.6707767
B3584,3584,1954,-73.9576801,40.6707767
B3585,3585,1955,-73.9554162,40.6691783
B3585,3585,1956,-73.9554162,40.6691783
B3586,3586,1957,-73.9364848,40.7638753
B3586,3586,1958,-73.9364848,40.7638753
B3587,3587,1959,-73.9618148,40.6686744
B3587,3587,1960,-73.9618148,40.6686744
B3588,3588,1961,-73.9373554,40.7671863
B3588,3588,1962,-73.9373554,40.7671863
B3589,3589,1963,-73.9347774,40.7668
B3589,3589,1964,-73.9347774,40.7668
B3590,3590,1965,-73.9588,40.6679411
B3590,3590,1966,-73.9588,40.6679411
B3591,3591,1967,-73.930819,40.7659
B3591,3591,1968,-73.930819,40.7659
B3592,3592,1969,-73.9286471,40.7633589
B3592,3592,1970,-73.9286471,40.7633589
B3593,3593,1971,-73.925921,40.761584
B3593,3593,1972,-73.925921,40.761584
B3594,3594,1973,-73.9593484,40.6661649
B3594,3594,1974,-73.9593484,40.6661649
B3595,3595,1975,-73.9222427,40.760339
B3595,3595,1976,-73.9222427,40.760339
B3596,3596,1977,-73.9574686,40.6642406
B3596,3596,1978,-73.9574686,40.6642406
B3597,3597,1979,-73.9166368,40.7577284
B3597,3597,1980,-73.9166368,40.7577284
B3598,3598,1981,-73.9142678,40.7595701
B3598,3598,1982,-73.9142678,40.7595701
B3599,3599,1983,-73.9605695,40.66314
B3599,3599,1984,-73.9605695,40.66314
B3601,3601,1985,-73.9569115,40.6627059
B3601,3601,1986,-73.9569115,40.6627059
B3602,3602,1987,-73.920827,40.763154
B3602,3602,1988,-73.920827,40.763154
B3603,3603,1989,-73.9240312,40.7647
B3603,3603,1990,-73.9240312,40.7647
B3604,3604,1991,-73.9538746,40.6630619
B3604,3604,1992,-73.9538746,40.6630619
B3605,3605,1993,-73.9265474,40.7658346
B3605,3605,1994,-73.9265474,40.7658346
B3606,3606,1995,-73.948852,40.74252
B3606,3606,1996,-73.948852,40.74252
B3607,3607,1997,-73.9322662,40.7682
B3607,3607,1998,-73.9322662,40.7682
B3608,3608,1999,-73.9566,40.7423737
B3608,3608,2000,-73.9566,40.7423737
B3609,3609,2001,-73.9354504,40.7692475
B3609,3609,2002,-73.9354504,40.7692475
B3610,3610,2003,-73.934171,40.770845
B3610,3610,2004,-73.934171,40.770845
B3611,3611,2005,-73.9534573,40.7449067
B3611,3611,2006,-73.9534573,40.7449067
B3612,3612,2007,-73.9286078,40.7703743
B3612,3612,2008,-73.9286078,40.7703743
B3613,3613,2009,-73.957539,40.745038
B3613,3613,2010,-73.957539,40.745038
B3614,3614,2011,-73.9249574,40.768692
B3614,3614,2012,-73.9249574,40.768692
B3615,3615,2013,-73.9460927,40.748
B3615,3615,2014,-73.9460927,40.748
B3616,3616,2015,-73.9136695,40.7656251
B3616,3616,2016,-73.9136695,40.7656251
B3617,3617,2017,-73.9169858,40.7671
B3617,3617,2018,-73.9169858,40.7671
B3618,3618,2019,-73.941275,40.7485
B3618,3618,2020,-73.941275,40.7485
B3619,3619,2021,-73.9246145,40.7713615
B3619,3619,2022,-73.9246145,40.7713615
B3620,3620,2023,-73.9479119,40.7519071
B3620,3620,2024,-73.9479119,40.7519071
B3621,3621,2025,-73.9309134,40.7739825
B3621,3621,2026,-73.9309134,40.7739825
B3622,3622,2027,-73.939182,40.80756
B3622,3622,2028,-73.939182,40.80756
B3623,3623,2029,-73.9634,40.8109494
B3623,3623,2030,-73.9634,40.8109494
B3625,3625,2031,-73.9364281,40.7525758
B3625,3625,2032,-73.9364281,40.7525758
B3628,3628,2033,-73.9490782,40.8025566
B3628,3628,2034,-73.9490782,40.8025566
B3629,3629,2035,-73.94776493,40.80949535
B3629,3629,2036,-73.94776493,40.80949535
B3630,3630,2037,-73.9559308,40.8038654
B3630,3630,2038,-73.9559308,40.8038654
B3631,3631,2039,-73.956741,40.666563
B3631,3631,2040,-73.956741,40.666563
B3632,3632,2041,-73.9788115,40.72804857
B3632,3632,2042,-73.9788115,40.72804857
B3635,3635,2043,-73.99516761,40.75462324
B3635,3635,2044,-73.99516761,40.75462324
B3637,3637,2045,-73.96599591,40.68323865
B3637,3637,2046,-73.96599591,40.68323865
B3638,3638,2047,-74.0354826,40.7242941
B3638,3638,2048,-74.0354826,40.7242941
B3639,3639,2049,-74.034234,40.7192517
B3639,3639,2050,-74.034234,40.7192517
B3641,3641,2051,-73.98918629,40.74286877
B3641,3641,2052,-73.98918629,40.74286877
B3642,3642,2053,-73.95012259,40.7872852
B3642,3642,2054,-73.95012259,40.7872852
B3643,3643,2055,-73.98123622,40.75272201
B3643,3643,2056,-73.98123622,40.75272201
B3644,3644,2057,-74.01488185,40.67581623
B3644,3644,2058,-74.01488185,40.67581623
B3645,3645,2059,-73.99706125,40.67233267
B3645,3645,2060,-73.99706125,40.67233267
B3646,3646,2061,-73.9398551,40.76315482
B3646,3646,2062,-73.9398551,40.76315482
B3647,3647,2063,-73.93725872,40.74128309
B3647,3647,2064,-73.93725872,40.74128309
B3648,3648,2065,-73.9707756,40.69795032
B3648,3648,2066,-73.9707756,40.69795032
B3649,3649,2067,-73.95324737,40.81439444
B3649,3649,2068,-73.95324737,40.81439444
B3650,3650,2069,-73.56890559,45.50626419
B3650,3650,2070,-73.56890559,45.50626419
B3651,3651,2071,-73.97468617,40.72522577
B3651,3651,2072,-73.97468617,40.72522577
B3652,3652,2073,-73.99230838,40.67013328
B3652,3652,2074,-73.99230838,40.67013328
B3653,3653,2075,-73.9283216,40.75820465
B3653,3653,2076,-73.9283216,40.75820465
B3654,3654,2077,-73.9334929,40.75186951
B3654,3654,2078,-73.9334929,40.75186951
B3656,3656,2079,-73.98583621,40.72307749
B3656,3656,2080,-73.98583621,40.72307749
B3658,3658,2081,-74.00367558,40.74353373
B3658,3658,2082,-74.00367558,40.74353373
B3659,3659,2083,-74.00413692,40.74294892
B3659,3659,2084,-74.00413692,40.74294892
B3660,3660,2085,-74.00138497,40.74102151
B3660,3660,2086,-74.00138497,40.74102151
B3661,3661,2087,-73.96055639,40.66643931
B3661,3661,2088,-73.96055639,40.66643931
B3662,3662,2089,-73.91691685,40.7612939
B3662,3662,2090,-73.91691685,40.7612939
B3663,3663,2091,-73.97382796,40.67716489
B3663,3663,2092,-73.97382796,40.67716489
B3664,3664,2093,-74.01030064,40.72019521
B3664,3664,2094,-74.01030064,40.72019521
B3666,3666,2095,-73.92062902,40.76642553
B3666,3666,2096,-73.92062902,40.76642553
B3668,3668,2097,-73.94984365,40.72395678
B3668,3668,2098,-73.94984365,40.72395678
B3669,3669,2099,-74.00314048,40.67630358
B3669,3669,2100,-74.00314048,40.67630358
B3671,3671,2101,-73.95427465,40.77477945
B3671,3671,2102,-73.95427465,40.77477945
B3672,3672,2103,-73.99474382,40.66976709
B3672,3672,2104,-73.99474382,40.66976709
B3673,3673,2105,-73.95563722,40.67759207
B3673,3673,2106,-73.95563722,40.67759207
B3674,3674,2107,-73.9867267,40.70140317
B3674,3674,2108,-73.9867267,40.70140317
B3675,3675,2109,-73.94968539,40.7845968
B3675,3675,2110,-73.94968539,40.7845968
B3676,3676,2111,-74.01472628,40.67583294
B3676,3676,2112,-74.01472628,40.67583294
B3678,3678,2113,-74.07195926,40.72572614
B3678,3678,2114,-74.07195926,40.72572614
B3680,3680,2115,-73.98025185,40.75412081
B3680,3680,2116,-73.98025185,40.75412081
B3681,3681,2117,-74.03768331,40.71517768
B3681,3681,2118,-74.03768331,40.71517768
B3683,3683,2119,-73.98453534,40.71015471
B3683,3683,2120,-73.98453534,40.71015471
B3684,3684,2121,-74.00398269,40.73756121
B3684,3684,2122,-74.00398269,40.73756121
B3685,3685,2123,-73.96459043,40.66065237
B3685,3685,2124,-73.96459043,40.66065237
B3686,3686,2125,-74.00507033,40.7394482
B3686,3686,2126,-74.00507033,40.7394482
B3687,3687,2127,-73.97449784,40.74322681
B3687,3687,2128,-73.97449784,40.74322681
B3688,3688,2129,-73.96638215,40.75792021
B3688,3688,2130,-73.96638215,40.75792021
B3689,3689,2131,-73.9664948,40.79904139
B3689,3689,2132,-73.9664948,40.79904139
B3690,3690,2133,-74.00935516,40.71334184
B3690,3690,2134,-74.00935516,40.71334184
B3691,3691,2135,-73.91065121,40.76408932
B3691,3691,2136,-73.91065121,40.76408932
B3692,3692,2137,-73.97440128,40.69999748
B3692,3692,2138,-73.97440128,40.69999748
B3693,3693,2139,-73.95921931,40.72248189
B3693,3693,2140,-73.95921931,40.72248189
B3695,3695,2141,-73.98919031,40.72686952
B3695,3695,2142,-73.98919031,40.72686952
B3697,3697,2143,-73.98918696,40.77515953
B3697,3697,2144,-73.98918696,40.77515953
B3699,3699,2145,-73.98917958,40.76360468
B3699,3699,2146,-73.98917958,40.76360468
B3700,3700,2147,-73.95333588,40.77940609
B3700,3700,2148,-73.95333588,40.77940609
B3701,3701,2149,-74.00504082,40.70831794
B3701,3701,2150,-74.00504082,40.70831794
B3704,3704,2151,-73.94176483,40.74375241
B3704,3704,2152,-73.94176483,40.74375241
B3705,3705,2153,-73.99968781,40.72840059
B3705,3705,2154,-73.99968781,40.72840059
B3709,3709,2155,-73.99642959,40.73804614
B3709,3709,2156,-73.99642959,40.73804614
B3711,3711,2157,-73.98067966,40.72966729
B3711,3711,2158,-73.98067966,40.72966729
B3712,3712,2159,-73.99740189,40.75469175
B3712,3712,2160,-73.99740189,40.75469175
B3714,3714,2161,-73.9544354,40.70684203
B3714,3714,2162,-73.9544354,40.70684203
B3715,3715,2163,-73.95520136,40.71816969
B3715,3715,2164,-73.95520136,40.71816969
B3716,3716,2165,-73.93795609,40.7535992
B3716,3716,2166,-73.93795609,40.7535992
B3718,3718,2167,-73.97950418,40.72746421
B3718,3718,2168,-73.97950418,40.72746421
B3719,3719,2169,-73.97381186,40.68322254
B3719,3719,2170,-73.97381186,40.68322254
B3720,3720,2171,-73.98721285,40.68461654
B3720,3720,2172,-73.98721285,40.68461654
B3721,3721,2173,-73.92093346,40.76754878
B3721,3721,2174,-73.92093346,40.76754878